Variable,Region,Lag (months),Mean_Value
DFMC_Foliage,MED,0,-0.498803848125
DFMC_Foliage,MED,-1,-0.64911253621875
DFMC_Foliage,MED,-2,-0.4894269385833333
DFMC_Foliage,MED,-3,-0.2266890966708333
DFMC_Foliage,MED,-4,-0.0766450887916666
DFMC_Foliage,MED,-5,0.0679460533791666
DFMC_Foliage,MED,-6,-0.0249062083083333
DFMC_Foliage,MED,-7,0.096307197975
DFMC_Foliage,MED,-8,-0.0986869227041666
DFMC_Foliage,MED,-9,0.1912368335125
DFMC_Foliage,MED,-10,0.4246800548375
DFMC_Foliage,MED,-11,0.7331585987375
DFMC_Foliage,MED,-12,0.4689104287458333
DFMC_Foliage,MED,-13,0.2298195257083333
DFMC_Foliage,MED,-14,0.27478434485
DFMC_Foliage,MED,-15,0.6360849986999999
DFMC_Foliage,MED,-16,0.977687275975
DFMC_Foliage,MED,-17,1.0857360204166666
DFMC_Foliage,MED,-18,0.7666122119000001
DFMC_Foliage,MED,-19,0.503659699325
DFMC_Foliage,MED,-20,0.2015705413458333
DFMC_Foliage,MED,-21,0.1565945165375
DFMC_Foliage,MED,-22,0.2738206584625
DFMC_Foliage,MED,-23,0.2538817010208333
DFMC_Foliage,MED,-24,0.1521565999375
DFMC_Foliage,MED,-25,-0.0233922016874999
DFMC_Foliage,MED,-26,-0.0175880442041667
DFMC_Foliage,MED,-27,-0.0730675372208333
DFMC_Foliage,MED,-28,0.1249337325583333
DFMC_Foliage,MED,-29,0.1905345760375
DFMC_Foliage,MED,-30,0.2711738344166667
VPD_VPD,MED,0,1.5340164174
VPD_VPD,MED,-1,0.958265818075
VPD_VPD,MED,-2,0.6885161851375
VPD_VPD,MED,-3,0.0998080682458333
VPD_VPD,MED,-4,-0.0904670735166666
VPD_VPD,MED,-5,-0.0908899265958333
VPD_VPD,MED,-6,0.1446328222749999
VPD_VPD,MED,-7,0.1283583852416666
VPD_VPD,MED,-8,-0.1448190349499999
VPD_VPD,MED,-9,-0.1635774903708333
VPD_VPD,MED,-10,-0.0677716651625
VPD_VPD,MED,-11,-0.1503708303958332
VPD_VPD,MED,-12,-0.3686390613583333
VPD_VPD,MED,-13,-0.5053858449333334
VPD_VPD,MED,-14,-0.1788962311041666
VPD_VPD,MED,-15,-0.330047864375
VPD_VPD,MED,-16,-0.494167382325
VPD_VPD,MED,-17,-0.6990058338166666
VPD_VPD,MED,-18,-0.5735751414458333
VPD_VPD,MED,-19,-0.5384582644041667
VPD_VPD,MED,-20,-0.5657375358458334
VPD_VPD,MED,-21,-0.3337406595583333
VPD_VPD,MED,-22,-0.1693395355874999
VPD_VPD,MED,-23,0.0621131900708333
VPD_VPD,MED,-24,-0.1296817368375
VPD_VPD,MED,-25,0.0318708042625
VPD_VPD,MED,-26,0.0237948309541666
VPD_VPD,MED,-27,-0.0333701215333333
VPD_VPD,MED,-28,-0.1000246222166666
VPD_VPD,MED,-29,-0.0762677522333333
VPD_VPD,MED,-30,0.2131874236708333
VPD_VPD,FOR,0,0.4899193448222221
VPD_VPD,FOR,-1,0.5517874727611111
VPD_VPD,FOR,-2,0.5687213716629631
VPD_VPD,FOR,-3,0.6625605520592592
VPD_VPD,FOR,-4,0.6534220722592594
VPD_VPD,FOR,-5,0.5441186592111111
VPD_VPD,FOR,-6,0.283566859174074
VPD_VPD,FOR,-7,0.125159018937037
VPD_VPD,FOR,-8,-0.004728239674074
VPD_VPD,FOR,-9,0.398804003162963
VPD_VPD,FOR,-10,0.6514259583777778
VPD_VPD,FOR,-11,0.814224094862963
VPD_VPD,FOR,-12,0.4106746102888889
VPD_VPD,FOR,-13,0.1555674868851851
VPD_VPD,FOR,-14,0.0404812608074074
VPD_VPD,FOR,-15,-0.0053130504555555
VPD_VPD,FOR,-16,-0.061906938774074
VPD_VPD,FOR,-17,-0.0803583117888889
VPD_VPD,FOR,-18,-0.0313937124
VPD_VPD,FOR,-19,-0.0517874734962963
VPD_VPD,FOR,-20,0.0849633616222222
VPD_VPD,FOR,-21,0.152865475111111
VPD_VPD,FOR,-22,0.0907070479740741
VPD_VPD,FOR,-23,-0.0416700419814814
VPD_VPD,FOR,-24,-0.1411152598407407
VPD_VPD,FOR,-25,-0.1420241727
VPD_VPD,FOR,-26,-0.2315567720185186
VPD_VPD,FOR,-27,-0.2767652140111112
VPD_VPD,FOR,-28,-0.2657522097925925
VPD_VPD,FOR,-29,-0.3008252100703704
VPD_VPD,FOR,-30,-0.3436768574222222
SM1_SM1,DES,0,-0.0986157557
SM1_SM1,DES,-1,-0.0550475936
SM1_SM1,DES,-2,-0.1028207998666666
SM1_SM1,DES,-3,-0.3440294890333333
SM1_SM1,DES,-4,-0.1792649613333333
SM1_SM1,DES,-5,-0.1335399719
SM1_SM1,DES,-6,-0.1152463348333333
SM1_SM1,DES,-7,-1.2249749335666666
SM1_SM1,DES,-8,-2.165760956166667
SM1_SM1,DES,-9,-2.389718166133333
SM1_SM1,DES,-10,-1.405597839133333
SM1_SM1,DES,-11,-0.4783479402333333
SM1_SM1,DES,-12,-0.0243136681
SM1_SM1,DES,-13,0.0170223300333333
SM1_SM1,DES,-14,0.4440295567999999
SM1_SM1,DES,-15,0.9607402063
SM1_SM1,DES,-16,1.7121316188666664
SM1_SM1,DES,-17,1.821917925533333
SM1_SM1,DES,-18,1.320909958
SM1_SM1,DES,-19,0.7458083344333333
SM1_SM1,DES,-20,0.8459308244
SM1_SM1,DES,-21,1.207446592
SM1_SM1,DES,-22,1.6111226669333334
SM1_SM1,DES,-23,0.9949330285666668
SM1_SM1,DES,-24,0.6414996345
SM1_SM1,DES,-25,-0.0203402843666666
SM1_SM1,DES,-26,-0.0259691923666666
SM1_SM1,DES,-27,0.1653270418333333
SM1_SM1,DES,-28,0.5666683065
SM1_SM1,DES,-29,0.501799003
SM1_SM1,DES,-30,0.549957996
DFMC_Foliage,ALL,0,-0.3563827501166667
DFMC_Foliage,ALL,-1,-0.4089120217500001
DFMC_Foliage,ALL,-2,-0.4425675594703703
DFMC_Foliage,ALL,-3,-0.4052876108074074
DFMC_Foliage,ALL,-4,-0.3640264147074074
DFMC_Foliage,ALL,-5,-0.1690436712407407
DFMC_Foliage,ALL,-6,-0.0774419462481481
DFMC_Foliage,ALL,-7,0.0700575785462963
DFMC_Foliage,ALL,-8,0.0054469066277777
DFMC_Foliage,ALL,-9,-0.0066140534907407
DFMC_Foliage,ALL,-10,-0.0135804591499999
DFMC_Foliage,ALL,-11,0.1712021362092593
DFMC_Foliage,ALL,-12,0.2250619193203703
DFMC_Foliage,ALL,-13,0.1989161529407407
DFMC_Foliage,ALL,-14,0.2200334887592593
DFMC_Foliage,ALL,-15,0.3622535360351852
DFMC_Foliage,ALL,-16,0.5923011992074075
DFMC_Foliage,ALL,-17,0.6823825662259259
DFMC_Foliage,ALL,-18,0.5176756892981482
DFMC_Foliage,ALL,-19,0.3414024179981481
DFMC_Foliage,ALL,-20,0.0977068693333333
DFMC_Foliage,ALL,-21,0.0349888831555556
DFMC_Foliage,ALL,-22,0.0966512496981481
DFMC_Foliage,ALL,-23,0.0896009008555555
DFMC_Foliage,ALL,-24,-0.0321605023166666
DFMC_Foliage,ALL,-25,-0.0698797328685184
DFMC_Foliage,ALL,-26,0.0266549238740741
DFMC_Foliage,ALL,-27,0.1211715510925927
DFMC_Foliage,ALL,-28,0.1846986111888889
DFMC_Foliage,ALL,-29,0.1557436920888889
DFMC_Foliage,ALL,-30,0.2517360205203704
LAI_LAI,MED,0,-0.3862843461125
LAI_LAI,MED,-1,-0.07559228326875
LAI_LAI,MED,-2,0.0976215726791667
LAI_LAI,MED,-3,0.2279710631208333
LAI_LAI,MED,-4,0.2113451721416666
LAI_LAI,MED,-5,0.0997947725874999
LAI_LAI,MED,-6,0.2650817202083333
LAI_LAI,MED,-7,0.2657617302791666
LAI_LAI,MED,-8,0.2668418160041667
LAI_LAI,MED,-9,0.16484707875
LAI_LAI,MED,-10,0.1844486420708333
LAI_LAI,MED,-11,0.1711974546375
LAI_LAI,MED,-12,0.163210378925
LAI_LAI,MED,-13,0.1494140677083333
LAI_LAI,MED,-14,0.2383843167666667
LAI_LAI,MED,-15,0.2770453041916667
LAI_LAI,MED,-16,0.4156421523875
LAI_LAI,MED,-17,0.2346056591208333
LAI_LAI,MED,-18,-0.1101427378083333
LAI_LAI,MED,-19,-0.3129486639833333
LAI_LAI,MED,-20,-0.3967834845166667
LAI_LAI,MED,-21,-0.2475382219416667
LAI_LAI,MED,-22,-0.3699984754958333
LAI_LAI,MED,-23,-0.3517851046625
LAI_LAI,MED,-24,-0.4141580668749999
LAI_LAI,MED,-25,-0.4094911916041667
LAI_LAI,MED,-26,-0.3494480960541666
LAI_LAI,MED,-27,-0.2488051159291665
LAI_LAI,MED,-28,-0.1423251130541666
LAI_LAI,MED,-29,-0.2849356997375
LAI_LAI,MED,-30,-0.3522132708208333
EVI_EVI,ALL,0,-0.6439547260277778
EVI_EVI,ALL,-1,-0.4315264313444444
EVI_EVI,ALL,-2,-0.2458357821796296
EVI_EVI,ALL,-3,0.0560489873814815
EVI_EVI,ALL,-4,0.2525385201277778
EVI_EVI,ALL,-5,0.3715493701888889
EVI_EVI,ALL,-6,0.503573507525926
EVI_EVI,ALL,-7,0.6585561748851851
EVI_EVI,ALL,-8,0.6683355231777778
EVI_EVI,ALL,-9,0.5067780923703703
EVI_EVI,ALL,-10,0.3574889432796296
EVI_EVI,ALL,-11,0.3192011479277778
EVI_EVI,ALL,-12,0.3550376369944444
EVI_EVI,ALL,-13,0.3206995794574074
EVI_EVI,ALL,-14,0.3614807360166666
EVI_EVI,ALL,-15,0.4558985839444445
EVI_EVI,ALL,-16,0.5173823018629631
EVI_EVI,ALL,-17,0.3839628823240741
EVI_EVI,ALL,-18,0.2512719845277777
EVI_EVI,ALL,-19,0.2476705058685185
EVI_EVI,ALL,-20,0.339100598162963
EVI_EVI,ALL,-21,0.3603659791351851
EVI_EVI,ALL,-22,0.196180090137037
EVI_EVI,ALL,-23,0.0609729069703703
EVI_EVI,ALL,-24,-0.0214547776814814
EVI_EVI,ALL,-25,-0.0375688717499999
EVI_EVI,ALL,-26,-0.0067508627777777
EVI_EVI,ALL,-27,-0.0316952817666666
EVI_EVI,ALL,-28,-0.0097295185129629
EVI_EVI,ALL,-29,-0.175563591462963
EVI_EVI,ALL,-30,-0.1894685476981482
LAI_LAI,FOR,0,-0.4832800971111111
LAI_LAI,FOR,-1,-0.1576965465
LAI_LAI,FOR,-2,0.0287089626629629
LAI_LAI,FOR,-3,0.4210046074074074
LAI_LAI,FOR,-4,0.638696323862963
LAI_LAI,FOR,-5,0.7454869389148148
LAI_LAI,FOR,-6,0.7145735387703704
LAI_LAI,FOR,-7,0.6664892566777777
LAI_LAI,FOR,-8,0.5009261234666667
LAI_LAI,FOR,-9,0.4264626822518518
LAI_LAI,FOR,-10,0.2745024760555555
LAI_LAI,FOR,-11,0.3324232797518518
LAI_LAI,FOR,-12,0.3577196634481481
LAI_LAI,FOR,-13,0.4220205911666667
LAI_LAI,FOR,-14,0.4557572233814815
LAI_LAI,FOR,-15,0.4613269106814814
LAI_LAI,FOR,-16,0.4438367712259259
LAI_LAI,FOR,-17,0.3738993739814814
LAI_LAI,FOR,-18,0.3011701988555555
LAI_LAI,FOR,-19,0.3901729318592593
LAI_LAI,FOR,-20,0.5482470829
LAI_LAI,FOR,-21,0.5369945061444444
LAI_LAI,FOR,-22,0.5338426419703703
LAI_LAI,FOR,-23,0.415731086137037
LAI_LAI,FOR,-24,0.4597114174888888
LAI_LAI,FOR,-25,0.3955115148259259
LAI_LAI,FOR,-26,0.3455763904296296
LAI_LAI,FOR,-27,0.3702248349259258
LAI_LAI,FOR,-28,0.2505316494481481
LAI_LAI,FOR,-29,-0.043132334125926
LAI_LAI,FOR,-30,-0.2464036597925926
LFMC_LFMC,DES,0,-0.6958110248
LFMC_LFMC,DES,-1,-0.66991924925
LFMC_LFMC,DES,-2,-0.8148812791333334
LFMC_LFMC,DES,-3,-1.0033601920333333
LFMC_LFMC,DES,-4,-0.954129706
LFMC_LFMC,DES,-5,-0.8205081002333333
LFMC_LFMC,DES,-6,-0.6943105391333333
LFMC_LFMC,DES,-7,-1.265390895533333
LFMC_LFMC,DES,-8,-1.7155869776666666
LFMC_LFMC,DES,-9,-1.6379928339666667
LFMC_LFMC,DES,-10,-0.7547162839333333
LFMC_LFMC,DES,-11,0.1153358366666666
LFMC_LFMC,DES,-12,0.5788963189
LFMC_LFMC,DES,-13,0.8235762574666667
LFMC_LFMC,DES,-14,1.332957540033333
LFMC_LFMC,DES,-15,1.736716950833333
LFMC_LFMC,DES,-16,2.1152368494333333
LFMC_LFMC,DES,-17,1.9636766019333327
LFMC_LFMC,DES,-18,1.5325669211333333
LFMC_LFMC,DES,-19,1.2143855813666666
LFMC_LFMC,DES,-20,1.2509459218333332
LFMC_LFMC,DES,-21,1.4921433899999998
LFMC_LFMC,DES,-22,1.538826409733333
LFMC_LFMC,DES,-23,0.9148147426666664
LFMC_LFMC,DES,-24,0.4198448408333331
LFMC_LFMC,DES,-25,-0.0958799127666668
LFMC_LFMC,DES,-26,-0.0069481443333334
LFMC_LFMC,DES,-27,0.0980074670333331
LFMC_LFMC,DES,-28,0.2201458785333331
LFMC_LFMC,DES,-29,0.1591186639666665
LFMC_LFMC,DES,-30,0.2255767407333332
EVI_EVI,FOR,0,-0.6014678068222222
EVI_EVI,FOR,-1,-0.4017934641333334
EVI_EVI,FOR,-2,-0.1664764094666666
EVI_EVI,FOR,-3,0.2449414663370371
EVI_EVI,FOR,-4,0.5327115568518518
EVI_EVI,FOR,-5,0.6293994700296297
EVI_EVI,FOR,-6,0.6730174300666667
EVI_EVI,FOR,-7,0.7821532146666667
EVI_EVI,FOR,-8,0.6901312051925926
EVI_EVI,FOR,-9,0.4028186480888889
EVI_EVI,FOR,-10,0.1916039453740741
EVI_EVI,FOR,-11,0.1178730706925926
EVI_EVI,FOR,-12,0.2300831439148148
EVI_EVI,FOR,-13,0.1802577752925925
EVI_EVI,FOR,-14,0.3151973090296296
EVI_EVI,FOR,-15,0.3940200457148148
EVI_EVI,FOR,-16,0.4702596738555555
EVI_EVI,FOR,-17,0.4301594600592592
EVI_EVI,FOR,-18,0.4123587505333333
EVI_EVI,FOR,-19,0.5133704916555556
EVI_EVI,FOR,-20,0.6396497899185185
EVI_EVI,FOR,-21,0.6739903886888888
EVI_EVI,FOR,-22,0.5345754505888888
EVI_EVI,FOR,-23,0.3950502770851851
EVI_EVI,FOR,-24,0.2602454494629629
EVI_EVI,FOR,-25,0.2134334338703703
EVI_EVI,FOR,-26,0.1687871428851851
EVI_EVI,FOR,-27,0.1357433427185185
EVI_EVI,FOR,-28,0.1048657389666666
EVI_EVI,FOR,-29,-0.1483001556111112
EVI_EVI,FOR,-30,-0.1681769067222222
LFMC_LFMC,MED,0,-0.5382409863125
LFMC_LFMC,MED,-1,-0.33853281975
LFMC_LFMC,MED,-2,-0.1345276154125
LFMC_LFMC,MED,-3,0.1496769945958333
LFMC_LFMC,MED,-4,0.2673859507875
LFMC_LFMC,MED,-5,0.1020835130458333
LFMC_LFMC,MED,-6,0.0436301959583333
LFMC_LFMC,MED,-7,0.1131101820833333
LFMC_LFMC,MED,-8,0.4316325866875001
LFMC_LFMC,MED,-9,0.3310849828708334
LFMC_LFMC,MED,-10,0.3967730684125
LFMC_LFMC,MED,-11,0.4847529481833332
LFMC_LFMC,MED,-12,0.6784000923708333
LFMC_LFMC,MED,-13,0.5842432005541667
LFMC_LFMC,MED,-14,0.4709321684
LFMC_LFMC,MED,-15,0.6122746077541668
LFMC_LFMC,MED,-16,0.7636850016333333
LFMC_LFMC,MED,-17,0.7937266100583333
LFMC_LFMC,MED,-18,0.77584262405
LFMC_LFMC,MED,-19,0.7771715118666667
LFMC_LFMC,MED,-20,0.7934640521458334
LFMC_LFMC,MED,-21,0.5093268478291667
LFMC_LFMC,MED,-22,0.3946811436
LFMC_LFMC,MED,-23,0.2045069725458333
LFMC_LFMC,MED,-24,0.3083564641458333
LFMC_LFMC,MED,-25,0.1943338053708333
LFMC_LFMC,MED,-26,0.1896708034499999
LFMC_LFMC,MED,-27,0.037456283725
LFMC_LFMC,MED,-28,0.0054488740041667
LFMC_LFMC,MED,-29,-0.1415845542041666
LFMC_LFMC,MED,-30,-0.2108380250041666
LAI_LAI,ALL,0,-0.4460448675888889
LAI_LAI,ALL,-1,-0.1531742925666666
LAI_LAI,ALL,-2,-0.0043410396907407
LAI_LAI,ALL,-3,0.2262177198481482
LAI_LAI,ALL,-4,0.3114915217166667
LAI_LAI,ALL,-5,0.3361567754222221
LAI_LAI,ALL,-6,0.4321397198425926
LAI_LAI,ALL,-7,0.4610828481240741
LAI_LAI,ALL,-8,0.4035343424907408
LAI_LAI,ALL,-9,0.319972186
LAI_LAI,ALL,-10,0.2440917266574074
LAI_LAI,ALL,-11,0.2744752390666666
LAI_LAI,ALL,-12,0.3000251011740741
LAI_LAI,ALL,-13,0.3493446557296296
LAI_LAI,ALL,-14,0.4418787800203704
LAI_LAI,ALL,-15,0.4741387741111111
LAI_LAI,ALL,-16,0.5089810995074076
LAI_LAI,ALL,-17,0.3338118431425926
LAI_LAI,ALL,-18,0.1173767833388888
LAI_LAI,ALL,-19,0.0671165570055555
LAI_LAI,ALL,-20,0.1260334129555555
LAI_LAI,ALL,-21,0.193804628737037
LAI_LAI,ALL,-22,0.1394504744722222
LAI_LAI,ALL,-23,0.0788396230925925
LAI_LAI,ALL,-24,0.0668571498259259
LAI_LAI,ALL,-25,0.0279198118166666
LAI_LAI,ALL,-26,0.0384790367648148
LAI_LAI,ALL,-27,0.0854187389018518
LAI_LAI,ALL,-28,0.0505066146018518
LAI_LAI,ALL,-29,-0.1770208187481481
LAI_LAI,ALL,-30,-0.3081417250537037
EVI_EVI,MED,0,-0.702324469925
EVI_EVI,MED,-1,-0.45779687811875
EVI_EVI,MED,-2,-0.2887712249083333
EVI_EVI,MED,-3,-0.0328735764208333
EVI_EVI,MED,-4,0.1185728283125
EVI_EVI,MED,-5,0.2441340250208333
EVI_EVI,MED,-6,0.3801819304291666
EVI_EVI,MED,-7,0.4644287928416666
EVI_EVI,MED,-8,0.5253742245416666
EVI_EVI,MED,-9,0.5097208674416667
EVI_EVI,MED,-10,0.4767374798208333
EVI_EVI,MED,-11,0.4909508138249999
EVI_EVI,MED,-12,0.4308785025541667
EVI_EVI,MED,-13,0.3852074782458333
EVI_EVI,MED,-14,0.3067212889999999
EVI_EVI,MED,-15,0.3642224232833333
EVI_EVI,MED,-16,0.4306487680041666
EVI_EVI,MED,-17,0.2090488604124999
EVI_EVI,MED,-18,0.0556803044999999
EVI_EVI,MED,-19,-0.0820714398374999
EVI_EVI,MED,-20,-0.0348044779916666
EVI_EVI,MED,-21,-0.0748846753625
EVI_EVI,MED,-22,-0.2697163230541667
EVI_EVI,MED,-23,-0.3671980138375
EVI_EVI,MED,-24,-0.3803982257833334
EVI_EVI,MED,-25,-0.3408609534
EVI_EVI,MED,-26,-0.2452164895708333
EVI_EVI,MED,-27,-0.2756435252166667
EVI_EVI,MED,-28,-0.1470531389416667
EVI_EVI,MED,-29,-0.2167644266375
EVI_EVI,MED,-30,-0.2104596630916667
LFMC_LFMC,FOR,0,-0.2779141621
LFMC_LFMC,FOR,-1,-0.3666202996055555
LFMC_LFMC,FOR,-2,-0.5336092350703705
LFMC_LFMC,FOR,-3,-0.7232940028074073
LFMC_LFMC,FOR,-4,-0.6491920770481482
LFMC_LFMC,FOR,-5,-0.4673097346703703
LFMC_LFMC,FOR,-6,-0.2810515778
LFMC_LFMC,FOR,-7,-0.2620707303333333
LFMC_LFMC,FOR,-8,-0.2491429570814814
LFMC_LFMC,FOR,-9,-0.5982483683037036
LFMC_LFMC,FOR,-10,-0.6433243319777778
LFMC_LFMC,FOR,-11,-0.4286149154703703
LFMC_LFMC,FOR,-12,0.1232263299777778
LFMC_LFMC,FOR,-13,0.1936329626629629
LFMC_LFMC,FOR,-14,0.1370531114555555
LFMC_LFMC,FOR,-15,0.1359603831111111
LFMC_LFMC,FOR,-16,0.1119530740814814
LFMC_LFMC,FOR,-17,-0.0194319563814814
LFMC_LFMC,FOR,-18,-0.2021593942851851
LFMC_LFMC,FOR,-19,-0.1741377411814814
LFMC_LFMC,FOR,-20,-0.4001833246148148
LFMC_LFMC,FOR,-21,-0.486052793662963
LFMC_LFMC,FOR,-22,-0.3495768438481482
LFMC_LFMC,FOR,-23,0.0369129589666666
LFMC_LFMC,FOR,-24,0.3030135416555555
LFMC_LFMC,FOR,-25,0.3340751337703703
LFMC_LFMC,FOR,-26,0.3103166926851852
LFMC_LFMC,FOR,-27,0.1848348835703703
LFMC_LFMC,FOR,-28,0.0973402664296296
LFMC_LFMC,FOR,-29,0.0827999031703703
LFMC_LFMC,FOR,-30,0.1782011004185185
LFMC_LFMC,ALL,0,-0.4168314652333334
LFMC_LFMC,ALL,-1,-0.3709869168722222
LFMC_LFMC,ALL,-2,-0.3718658510037037
LFMC_LFMC,ALL,-3,-0.3508661255851852
LFMC_LFMC,ALL,-4,-0.2587650440629629
LFMC_LFMC,ALL,-5,-0.2338682004388889
LFMC_LFMC,ALL,-6,-0.1597073984259259
LFMC_LFMC,ALL,-7,-0.1510636673259259
LFMC_LFMC,ALL,-8,-0.0280451609944443
LFMC_LFMC,ALL,-9,-0.242974904762963
LFMC_LFMC,ALL,-10,-0.1872472624685185
LFMC_LFMC,ALL,-11,0.0075458434944444
LFMC_LFMC,ALL,-12,0.3952852237592592
LFMC_LFMC,ALL,-13,0.4022343625481481
LFMC_LFMC,ALL,-14,0.3518829383518518
LFMC_LFMC,ALL,-15,0.4365865144925925
LFMC_LFMC,ALL,-16,0.5129052516240741
LFMC_LFMC,ALL,-17,0.4521445486092592
LFMC_LFMC,ALL,-18,0.3288818536092593
LFMC_LFMC,ALL,-19,0.3258065558703704
LFMC_LFMC,ALL,-20,0.2220560231925925
LFMC_LFMC,ALL,-21,0.0662379460925926
LFMC_LFMC,ALL,-22,0.0861157757722221
LFMC_LFMC,ALL,-23,0.1601715085407407
LFMC_LFMC,ALL,-24,0.3118788016055556
LFMC_LFMC,ALL,-25,0.2480814852296296
LFMC_LFMC,ALL,-26,0.2390704731907407
LFMC_LFMC,ALL,-27,0.1145095382759259
LFMC_LFMC,ALL,-28,0.0633221815796296
LFMC_LFMC,ALL,-29,-0.012686591174074
LFMC_LFMC,ALL,-30,0.0079268024703703
VPD_VPD,ALL,0,1.0333217504777776
VPD_VPD,ALL,-1,0.7560117943666665
VPD_VPD,ALL,-2,0.6337769149388889
VPD_VPD,ALL,-3,0.4157573318796296
VPD_VPD,ALL,-4,0.3201218384425927
VPD_VPD,ALL,-5,0.2559404707574074
VPD_VPD,ALL,-6,0.2057696085314814
VPD_VPD,ALL,-7,0.1499384061759259
VPD_VPD,ALL,-8,-0.0047765398148148
VPD_VPD,ALL,-9,0.1889845857351852
VPD_VPD,ALL,-10,0.316002072975926
VPD_VPD,ALL,-11,0.3464292144666666
VPD_VPD,ALL,-12,0.0505316943574073
VPD_VPD,ALL,-13,-0.1528625199203704
VPD_VPD,ALL,-14,-0.1276724634851852
VPD_VPD,ALL,-15,-0.2622230099055555
VPD_VPD,ALL,-16,-0.3567347582166667
VPD_VPD,ALL,-17,-0.4354788471388888
VPD_VPD,ALL,-18,-0.3227781932092592
VPD_VPD,ALL,-19,-0.2950129670018518
VPD_VPD,ALL,-20,-0.2241119087314814
VPD_VPD,ALL,-21,-0.0949633807759259
VPD_VPD,ALL,-22,-0.0794800742166666
VPD_VPD,ALL,-23,-0.02706336385
VPD_VPD,ALL,-24,-0.154048312087037
VPD_VPD,ALL,-25,-0.0448998496537037
VPD_VPD,ALL,-26,-0.1168940478740741
VPD_VPD,ALL,-27,-0.1894961131518518
VPD_VPD,ALL,-28,-0.2412588457222222
VPD_VPD,ALL,-29,-0.220465205824074
VPD_VPD,ALL,-30,-0.1007440580907407
DFMC_Wood,DES,0,0.0461843341
DFMC_Wood,DES,-1,-0.02605193765
DFMC_Wood,DES,-2,-0.0418378002666666
DFMC_Wood,DES,-3,-0.1036699918333333
DFMC_Wood,DES,-4,0.1807934925
DFMC_Wood,DES,-5,0.4235156543666666
DFMC_Wood,DES,-6,0.483689267
DFMC_Wood,DES,-7,0.2399192725333333
DFMC_Wood,DES,-8,0.0463820436666666
DFMC_Wood,DES,-9,-0.0064765955
DFMC_Wood,DES,-10,0.0480202084666666
DFMC_Wood,DES,-11,0.0101395073666666
DFMC_Wood,DES,-12,0.0308787630666666
DFMC_Wood,DES,-13,-0.0365991965
DFMC_Wood,DES,-14,0.0017792740333333
DFMC_Wood,DES,-15,0.0455800196666666
DFMC_Wood,DES,-16,0.3888311923333333
DFMC_Wood,DES,-17,1.0185486721333332
DFMC_Wood,DES,-18,1.1121651197
DFMC_Wood,DES,-19,0.7876725837666667
DFMC_Wood,DES,-20,0.2143876157666666
DFMC_Wood,DES,-21,0.6919051011333334
DFMC_Wood,DES,-22,1.686375155833333
DFMC_Wood,DES,-23,1.5988141013666668
DFMC_Wood,DES,-24,0.9826430530333332
DFMC_Wood,DES,-25,0.0012497927666666
DFMC_Wood,DES,-26,0.0103556735333333
DFMC_Wood,DES,-27,-0.0066041139666666
DFMC_Wood,DES,-28,0.4003106502666667
DFMC_Wood,DES,-29,0.5094765199666667
DFMC_Wood,DES,-30,0.3788556692333333
DFMC_Wood,MED,0,-0.26779779825
DFMC_Wood,MED,-1,-0.33191997288125
DFMC_Wood,MED,-2,-0.2464253511666666
DFMC_Wood,MED,-3,-0.1887751665583333
DFMC_Wood,MED,-4,-0.061665138225
DFMC_Wood,MED,-5,0.0220285324041666
DFMC_Wood,MED,-6,0.0705148708916666
DFMC_Wood,MED,-7,0.0666498915083333
DFMC_Wood,MED,-8,0.0136404870541666
DFMC_Wood,MED,-9,0.1852933725416666
DFMC_Wood,MED,-10,0.2938462284333333
DFMC_Wood,MED,-11,0.3755239490374999
DFMC_Wood,MED,-12,0.1935501176583333
DFMC_Wood,MED,-13,0.115044134075
DFMC_Wood,MED,-14,0.2304159139291666
DFMC_Wood,MED,-15,0.4228390817208334
DFMC_Wood,MED,-16,0.6760127650541667
DFMC_Wood,MED,-17,0.589816963575
DFMC_Wood,MED,-18,0.4227822342374999
DFMC_Wood,MED,-19,0.1770223399916666
DFMC_Wood,MED,-20,0.1257955768291666
DFMC_Wood,MED,-21,0.1716351650416666
DFMC_Wood,MED,-22,0.2437676106166666
DFMC_Wood,MED,-23,0.1505195155416666
DFMC_Wood,MED,-24,0.0222207977083333
DFMC_Wood,MED,-25,-0.0639824716291666
DFMC_Wood,MED,-26,-0.0001033920833333
DFMC_Wood,MED,-27,-0.00821121385
DFMC_Wood,MED,-28,0.1623274819749999
DFMC_Wood,MED,-29,0.1721213974291666
DFMC_Wood,MED,-30,0.2421273387749999
SPEI3_SPEI3,ALL,0,-0.597
SPEI3_SPEI3,ALL,-1,-0.8915833333333332
SPEI3_SPEI3,ALL,-2,-0.9749629629629633
SPEI3_SPEI3,ALL,-3,-1.054925925925926
SPEI3_SPEI3,ALL,-4,-0.9101296296296296
SPEI3_SPEI3,ALL,-5,-0.7296296296296296
SPEI3_SPEI3,ALL,-6,-0.6585925925925926
SPEI3_SPEI3,ALL,-7,-0.5660740740740741
SPEI3_SPEI3,ALL,-8,-0.5444074074074075
SPEI3_SPEI3,ALL,-9,-0.5041296296296297
SPEI3_SPEI3,ALL,-10,-0.6352777777777778
SPEI3_SPEI3,ALL,-11,-0.7286481481481482
SPEI3_SPEI3,ALL,-12,-0.7753148148148149
SPEI3_SPEI3,ALL,-13,-0.6644629629629629
SPEI3_SPEI3,ALL,-14,-0.3378703703703702
SPEI3_SPEI3,ALL,-15,0.1045555555555555
SPEI3_SPEI3,ALL,-16,0.4687407407407408
SPEI3_SPEI3,ALL,-17,0.5117222222222222
SPEI3_SPEI3,ALL,-18,0.2066481481481482
SPEI3_SPEI3,ALL,-19,0.1614444444444444
SPEI3_SPEI3,ALL,-20,0.2257407407407407
SPEI3_SPEI3,ALL,-21,0.4939444444444445
SPEI3_SPEI3,ALL,-22,0.4310370370370371
SPEI3_SPEI3,ALL,-23,0.2465185185185185
SPEI3_SPEI3,ALL,-24,0.0784074074074074
SPEI3_SPEI3,ALL,-25,0.0834999999999999
SPEI3_SPEI3,ALL,-26,-0.0395925925925925
SPEI3_SPEI3,ALL,-27,-0.1102037037037036
SPEI3_SPEI3,ALL,-28,-0.3097037037037037
SPEI3_SPEI3,ALL,-29,-0.2513888888888889
SM1_SM1,ALL,0,-0.5171719277
SM1_SM1,ALL,-1,-0.5140632686111111
SM1_SM1,ALL,-2,-0.5064565748685186
SM1_SM1,ALL,-3,-0.4804625693907407
SM1_SM1,ALL,-4,-0.2788648428574074
SM1_SM1,ALL,-5,-0.2172156504314814
SM1_SM1,ALL,-6,-0.2081787458648148
SM1_SM1,ALL,-7,-0.3140666107555555
SM1_SM1,ALL,-8,-0.22818831065
SM1_SM1,ALL,-9,-0.4481743722907407
SM1_SM1,ALL,-10,-0.4288428112740741
SM1_SM1,ALL,-11,-0.2782172911685185
SM1_SM1,ALL,-12,0.1427335716925925
SM1_SM1,ALL,-13,0.1582103831259259
SM1_SM1,ALL,-14,0.086361732287037
SM1_SM1,ALL,-15,0.2174434087518518
SM1_SM1,ALL,-16,0.4502708071981481
SM1_SM1,ALL,-17,0.5698452351925926
SM1_SM1,ALL,-18,0.4069552767574074
SM1_SM1,ALL,-19,0.3027206723388889
SM1_SM1,ALL,-20,0.0752091359592592
SM1_SM1,ALL,-21,-0.08039477735
SM1_SM1,ALL,-22,-0.0087169674351851
SM1_SM1,ALL,-23,0.0699712569018518
SM1_SM1,ALL,-24,0.2458163256129629
SM1_SM1,ALL,-25,0.1847758103796296
SM1_SM1,ALL,-26,0.2692101273462963
SM1_SM1,ALL,-27,0.2067723382074074
SM1_SM1,ALL,-28,0.2392401991888888
SM1_SM1,ALL,-29,0.1791499137944444
SM1_SM1,ALL,-30,0.1553566485611111
SPEI3_SPEI3,DES,0,0.412
SPEI3_SPEI3,DES,-1,0.3369999999999999
SPEI3_SPEI3,DES,-2,0.3056666666666667
SPEI3_SPEI3,DES,-3,0.2486666666666666
SPEI3_SPEI3,DES,-4,0.3696666666666666
SPEI3_SPEI3,DES,-5,0.455
SPEI3_SPEI3,DES,-6,-0.0796666666666666
SPEI3_SPEI3,DES,-7,-0.7133333333333334
SPEI3_SPEI3,DES,-8,-1.3549999999999998
SPEI3_SPEI3,DES,-9,-1.342666666666667
SPEI3_SPEI3,DES,-10,-1.433
SPEI3_SPEI3,DES,-11,-1.159
SPEI3_SPEI3,DES,-12,-0.5553333333333333
SPEI3_SPEI3,DES,-13,0.4373333333333333
SPEI3_SPEI3,DES,-14,1.0856666666666666
SPEI3_SPEI3,DES,-15,1.518
SPEI3_SPEI3,DES,-16,1.4943333333333335
SPEI3_SPEI3,DES,-17,1.2916666666666667
SPEI3_SPEI3,DES,-18,0.7866666666666666
SPEI3_SPEI3,DES,-19,0.4316666666666666
SPEI3_SPEI3,DES,-20,0.5406666666666666
SPEI3_SPEI3,DES,-21,1.0166666666666666
SPEI3_SPEI3,DES,-22,1.3716666666666668
SPEI3_SPEI3,DES,-23,1.2253333333333332
SPEI3_SPEI3,DES,-24,0.8409999999999999
SPEI3_SPEI3,DES,-25,0.6956666666666665
SPEI3_SPEI3,DES,-26,0.8769999999999999
SPEI3_SPEI3,DES,-27,0.8916666666666665
SPEI3_SPEI3,DES,-28,0.5126666666666665
SPEI3_SPEI3,DES,-29,0.0236666666666665
EVI_EVI,DES,0,-0.5593790477
EVI_EVI,DES,-1,-0.48895956205
EVI_EVI,DES,-2,-0.6165865947666667
EVI_EVI,DES,-3,-0.9326028128
EVI_EVI,DES,-4,-1.1972932758666666
EVI_EVI,DES,-5,-0.9297787670333334
EVI_EVI,DES,-6,-0.0342891785666666
EVI_EVI,DES,-7,1.0992018732
EVI_EVI,DES,-8,1.6158647741333334
EVI_EVI,DES,-9,1.4188708903333334
EVI_EVI,DES,-10,0.8964656321
EVI_EVI,DES,-11,0.7571565158666665
EVI_EVI,DES,-12,0.8729011502333334
EVI_EVI,DES,-13,1.0686126266333331
EVI_EVI,DES,-14,1.216107155033333
EVI_EVI,DES,-15,1.7462147133
EVI_EVI,DES,-16,1.6353542248
EVI_EVI,DES,-17,1.367505858
EVI_EVI,DES,-18,0.3662245307
EVI_EVI,DES,-19,0.4943061994333333
EVI_EVI,DES,-20,0.6253984816
EVI_EVI,DES,-21,1.0197515291333332
EVI_EVI,DES,-22,0.8777931516
EVI_EVI,DES,-23,0.4796439423999999
EVI_EVI,DES,-24,0.3147907628333333
EVI_EVI,DES,-25,0.1297470308666665
EVI_EVI,DES,-26,0.3211321005999999
EVI_EVI,DES,-27,0.4129430454666665
EVI_EVI,DES,-28,0.0575021275999999
EVI_EVI,DES,-29,-0.0913278327333334
EVI_EVI,DES,-30,-0.2131643933333334
DFMC_Wood,FOR,0,-0.0400751609444444
DFMC_Wood,FOR,-1,-0.0514101423722222
DFMC_Wood,FOR,-2,-0.142180434674074
DFMC_Wood,FOR,-3,-0.2444580914629629
DFMC_Wood,FOR,-4,-0.2687036997074074
DFMC_Wood,FOR,-5,-0.1673212929148148
DFMC_Wood,FOR,-6,-0.0474460021888888
DFMC_Wood,FOR,-7,0.0054744433148148
DFMC_Wood,FOR,-8,0.0003926015296296
DFMC_Wood,FOR,-9,-0.1105394788518518
DFMC_Wood,FOR,-10,-0.1776080367222222
DFMC_Wood,FOR,-11,-0.0771509966518518
DFMC_Wood,FOR,-12,0.0486325436407407
DFMC_Wood,FOR,-13,0.0992725498629629
DFMC_Wood,FOR,-14,0.056547771
DFMC_Wood,FOR,-15,0.0466100187407407
DFMC_Wood,FOR,-16,0.0801140083111111
DFMC_Wood,FOR,-17,0.0382769211703703
DFMC_Wood,FOR,-18,0.0294894933
DFMC_Wood,FOR,-19,0.0104992757777777
DFMC_Wood,FOR,-20,-0.0014034731518518
DFMC_Wood,FOR,-21,-0.0260496111259259
DFMC_Wood,FOR,-22,-0.0184067041888888
DFMC_Wood,FOR,-23,-0.0792404391962963
DFMC_Wood,FOR,-24,-0.1494224198148147
DFMC_Wood,FOR,-25,-0.0848388717333333
DFMC_Wood,FOR,-26,0.0218913620074074
DFMC_Wood,FOR,-27,0.1237508576592593
DFMC_Wood,FOR,-28,0.0730272144148148
DFMC_Wood,FOR,-29,0.0530227606222222
DFMC_Wood,FOR,-30,0.0799367238074074
DFMC_Wood,ALL,0,-0.1364930278
DFMC_Wood,ALL,-1,-0.1746723890027778
DFMC_Wood,ALL,-2,-0.1829369178703703
DFMC_Wood,ALL,-3,-0.2118885637481482
DFMC_Wood,ALL,-4,-0.151714495037037
DFMC_Wood,ALL,-5,-0.0503415401462962
DFMC_Wood,ALL,-6,0.0344885674685185
DFMC_Wood,ALL,-7,0.0456882441351851
DFMC_Wood,ALL,-8,0.0088355196592592
DFMC_Wood,ALL,-9,0.0267230597314814
DFMC_Wood,ALL,-10,0.0444620947462962
DFMC_Wood,ALL,-11,0.1288873405444444
DFMC_Wood,ALL,-12,0.1120540331722222
DFMC_Wood,ALL,-13,0.0987337124925925
DFMC_Wood,ALL,-14,0.1307798069148148
DFMC_Wood,ALL,-15,0.21376571345
DFMC_Wood,ALL,-16,0.3621088548648148
DFMC_Wood,ALL,-17,0.3378653706259259
DFMC_Wood,ALL,-18,0.264434912961111
DFMC_Wood,ALL,-19,0.1276858214277778
DFMC_Wood,ALL,-20,0.0671178317796296
DFMC_Wood,ALL,-21,0.1016966622962963
DFMC_Wood,ALL,-22,0.192825316837037
DFMC_Wood,ALL,-23,0.1161003484962963
DFMC_Wood,ALL,-24,-0.0102440190907407
DFMC_Wood,ALL,-25,-0.0707866569925926
DFMC_Wood,ALL,-26,0.0114750441629629
DFMC_Wood,ALL,-27,0.0578591052314814
DFMC_Wood,ALL,-28,0.1308986353222222
DFMC_Wood,ALL,-29,0.1313140302777777
DFMC_Wood,ALL,-30,0.16862804965
SPEI3_SPEI3,MED,0,-1.458375
SPEI3_SPEI3,MED,-1,-1.545875
SPEI3_SPEI3,MED,-2,-1.4743333333333333
SPEI3_SPEI3,MED,-3,-1.2432083333333332
SPEI3_SPEI3,MED,-4,-0.8577083333333333
SPEI3_SPEI3,MED,-5,-0.5579583333333333
SPEI3_SPEI3,MED,-6,-0.4276666666666667
SPEI3_SPEI3,MED,-7,-0.4145416666666667
SPEI3_SPEI3,MED,-8,-0.335375
SPEI3_SPEI3,MED,-9,-0.2309583333333333
SPEI3_SPEI3,MED,-10,0.0204166666666666
SPEI3_SPEI3,MED,-11,-0.1022916666666666
SPEI3_SPEI3,MED,-12,-0.2533333333333333
SPEI3_SPEI3,MED,-13,-0.4691666666666667
SPEI3_SPEI3,MED,-14,-0.15625
SPEI3_SPEI3,MED,-15,0.3797499999999999
SPEI3_SPEI3,MED,-16,0.9335416666666668
SPEI3_SPEI3,MED,-17,0.9164166666666668
SPEI3_SPEI3,MED,-18,0.7754166666666666
SPEI3_SPEI3,MED,-19,0.6946666666666667
SPEI3_SPEI3,MED,-20,0.8725416666666667
SPEI3_SPEI3,MED,-21,0.852875
SPEI3_SPEI3,MED,-22,0.543625
SPEI3_SPEI3,MED,-23,0.34375
SPEI3_SPEI3,MED,-24,0.163125
SPEI3_SPEI3,MED,-25,0.017125
SPEI3_SPEI3,MED,-26,-0.2516666666666666
SPEI3_SPEI3,MED,-27,-0.4028333333333334
SPEI3_SPEI3,MED,-28,-0.502375
SPEI3_SPEI3,MED,-29,-0.5114583333333333
SPEI3_SPEI3,FOR,0,0.0565555555555555
SPEI3_SPEI3,FOR,-1,-0.4464999999999999
SPEI3_SPEI3,FOR,-2,-0.6733703703703704
SPEI3_SPEI3,FOR,-3,-1.0324074074074074
SPEI3_SPEI3,FOR,-4,-1.098925925925926
SPEI3_SPEI3,FOR,-5,-1.0138518518518518
SPEI3_SPEI3,FOR,-6,-0.9281851851851852
SPEI3_SPEI3,FOR,-7,-0.6844074074074074
SPEI3_SPEI3,FOR,-8,-0.6401481481481481
SPEI3_SPEI3,FOR,-9,-0.6537777777777778
SPEI3_SPEI3,FOR,-10,-1.1294814814814815
SPEI3_SPEI3,FOR,-11,-1.2375925925925926
SPEI3_SPEI3,FOR,-12,-1.2637407407407408
SPEI3_SPEI3,FOR,-13,-0.9604814814814814
SPEI3_SPEI3,FOR,-14,-0.6574814814814814
SPEI3_SPEI3,FOR,-15,-0.2971111111111111
SPEI3_SPEI3,FOR,-16,-0.0583703703703703
SPEI3_SPEI3,FOR,-17,0.0653333333333333
SPEI3_SPEI3,FOR,-18,-0.3633703703703703
SPEI3_SPEI3,FOR,-19,-0.3425555555555555
SPEI3_SPEI3,FOR,-20,-0.3841851851851852
SPEI3_SPEI3,FOR,-21,0.1168148148148148
SPEI3_SPEI3,FOR,-22,0.2264444444444444
SPEI3_SPEI3,FOR,-23,0.0513333333333333
SPEI3_SPEI3,FOR,-24,-0.0816296296296296
SPEI3_SPEI3,FOR,-25,0.0744814814814814
SPEI3_SPEI3,FOR,-26,0.047074074074074
SPEI3_SPEI3,FOR,-27,0.0385925925925926
SPEI3_SPEI3,FOR,-28,-0.2298148148148148
SPEI3_SPEI3,FOR,-29,-0.0507777777777777
VPD_VPD,DES,0,1.918386066
VPD_VPD,DES,-1,0.97599849915
VPD_VPD,DES,-2,0.7813626428333333
VPD_VPD,DES,-3,0.7221224593333333
VPD_VPD,DES,-4,0.6051310297666667
VPD_VPD,DES,-5,0.4369799535
VPD_VPD,DES,-6,-0.0053113572
VPD_VPD,DES,-7,0.5455930588
VPD_VPD,DES,-8,1.11512872
VPD_VPD,DES,-9,1.1211064377333335
VPD_VPD,DES,-10,0.3673770094666665
VPD_VPD,DES,-11,0.1106756498
VPD_VPD,DES,-12,0.1626114967
VPD_VPD,DES,-13,-0.1085459810666666
VPD_VPD,DES,-14,-1.2312658411666666
VPD_VPD,DES,-15,-2.0318138092
VPD_VPD,DES,-16,-1.9107241403333333
VPD_VPD,DES,-17,-1.5233477718666666
VPD_VPD,DES,-18,-0.9388629346
VPD_VPD,DES,-19,-0.5364800293333334
VPD_VPD,DES,-20,-0.272784325
VPD_VPD,DES,-21,-0.4152048534999999
VPD_VPD,DES,-22,-0.8922884829666667
VPD_VPD,DES,-23,-0.6090156920333335
VPD_VPD,DES,-24,-0.4653783843
VPD_VPD,DES,-25,0.2150538264333333
VPD_VPD,DES,-26,-0.2104405612
VPD_VPD,DES,-27,-0.6530821383666666
VPD_VPD,DES,-28,-1.1506923571333334
VPD_VPD,DES,-29,-0.6508047963333333
VPD_VPD,DES,-30,-0.4258007181999999
DFMC_Foliage,FOR,0,-0.2756382807555555
DFMC_Foliage,FOR,-1,-0.2386112768999999
DFMC_Foliage,FOR,-2,-0.4431331610666666
DFMC_Foliage,FOR,-3,-0.5903659368592593
DFMC_Foliage,FOR,-4,-0.6860651460703704
DFMC_Foliage,FOR,-5,-0.4416060786333333
DFMC_Foliage,FOR,-6,-0.1596071897259259
DFMC_Foliage,FOR,-7,0.0695164140037037
DFMC_Foliage,FOR,-8,0.1219634564925926
DFMC_Foliage,FOR,-9,-0.2001480212925925
DFMC_Foliage,FOR,-10,-0.4255127659592592
DFMC_Foliage,FOR,-11,-0.3231843645148147
DFMC_Foliage,FOR,-12,0.037290248737037
DFMC_Foliage,FOR,-13,0.2003567745407407
DFMC_Foliage,FOR,-14,0.1867900955555556
DFMC_Foliage,FOR,-15,0.1323419277962963
DFMC_Foliage,FOR,-16,0.2598260110888889
DFMC_Foliage,FOR,-17,0.2237669732111112
DFMC_Foliage,FOR,-18,0.172022414237037
DFMC_Foliage,FOR,-19,0.0785063283740741
DFMC_Foliage,FOR,-20,-0.0331970939592592
DFMC_Foliage,FOR,-21,-0.1697935061407406
DFMC_Foliage,FOR,-22,-0.3001752404444444
DFMC_Foliage,FOR,-23,-0.2721092692037036
DFMC_Foliage,FOR,-24,-0.350544908211111
DFMC_Foliage,FOR,-25,-0.1190307160925925
DFMC_Foliage,FOR,-26,0.0645953598777778
DFMC_Foliage,FOR,-27,0.3090752318777779
DFMC_Foliage,FOR,-28,0.2081296502333333
DFMC_Foliage,FOR,-29,0.0841085069814815
DFMC_Foliage,FOR,-30,0.2052013054888889
DFMC_Foliage,DES,0,0.0562858097
DFMC_Foliage,DES,-1,-0.0200146096499999
DFMC_Foliage,DES,-2,-0.0626021122
DFMC_Foliage,DES,-3,-0.1683707894333333
DFMC_Foliage,DES,-4,0.2352715602333333
DFMC_Foliage,DES,-5,0.3881001983333332
DFMC_Foliage,DES,-6,0.2417593415333333
DFMC_Foliage,DES,-7,-0.135068896
DFMC_Foliage,DES,-8,-0.2101314075
DFMC_Foliage,DES,-9,0.1523845606999999
DFMC_Foliage,DES,-10,0.1877261902333332
DFMC_Foliage,DES,-11,0.1250289424999999
DFMC_Foliage,DES,-12,-0.0357811208333333
DFMC_Foliage,DES,-13,-0.0612764236
DFMC_Foliage,DES,-14,0.0812171788666666
DFMC_Foliage,DES,-15,0.2408063088666666
DFMC_Foliage,DES,-16,0.5014892781333332
DFMC_Foliage,DES,-17,1.5830952698333334
DFMC_Foliage,DES,-18,1.6370629840333333
DFMC_Foliage,DES,-19,1.4094089739999998
DFMC_Foliage,DES,-20,0.4449331628666667
DFMC_Foliage,DES,-21,0.9051853197666668
DFMC_Foliage,DES,-22,2.2507343908666666
DFMC_Foliage,DES,-23,2.0307460300666667
DFMC_Foliage,DES,-24,1.3587623327000002
DFMC_Foliage,DES,-25,0.0005788667000002
DFMC_Foliage,DES,-26,0.0391347444666669
DFMC_Foliage,DES,-27,-0.0160488694666663
DFMC_Foliage,DES,-28,0.4519382888333336
DFMC_Foliage,DES,-29,0.522133286466667
DFMC_Foliage,DES,-30,0.5150459446333336
LAI_LAI,DES,0,-0.5890119737
LAI_LAI,DES,-1,-0.73313008155
LAI_LAI,DES,-2,-1.1174919598333333
LAI_LAI,DES,-3,-1.5408910143666663
LAI_LAI,DES,-4,-1.832180901
LAI_LAI,DES,-5,-1.4569186733333332
LAI_LAI,DES,-6,-0.7733006534333334
LAI_LAI,DES,-7,0.1749941138999999
LAI_LAI,DES,-8,0.6205485256
LAI_LAI,DES,-9,0.6025585777333333
LAI_LAI,DES,-10,0.4475396587666666
LAI_LAI,DES,-11,0.5791651483333333
LAI_LAI,DES,-12,0.8752918187000001
LAI_LAI,DES,-13,1.2947059409666666
LAI_LAI,DES,-14,1.9449284958
LAI_LAI,DES,-15,2.166193304333333
LAI_LAI,DES,-16,1.841991631
LAI_LAI,DES,-17,0.7666735377666667
LAI_LAI,DES,-18,0.2833922128666666
LAI_LAI,DES,-19,0.2001309512333333
LAI_LAI,DES,-20,0.5086455632333333
LAI_LAI,DES,-21,0.6358385375000001
LAI_LAI,DES,-22,0.6655125667333333
LAI_LAI,DES,-23,0.4918142777333333
LAI_LAI,DES,-24,0.3792904744666667
LAI_LAI,DES,-25,0.2188825121
LAI_LAI,DES,-26,0.3780199163333333
LAI_LAI,DES,-27,0.1959547133333333
LAI_LAI,DES,-28,-0.2070648777666666
LAI_LAI,DES,-29,-0.5186981324333333
LAI_LAI,DES,-30,-0.5112119462666667
SM1_SM1,MED,0,-0.9540070887625
SM1_SM1,MED,-1,-0.8287622634624999
SM1_SM1,MED,-2,-0.5878322085541666
SM1_SM1,MED,-3,-0.230770112675
SM1_SM1,MED,-4,0.0921543512625
SM1_SM1,MED,-5,-0.03462681885
SM1_SM1,MED,-6,-0.2625349313583333
SM1_SM1,MED,-7,-0.3692883902916666
SM1_SM1,MED,-8,-0.0440165149541666
SM1_SM1,MED,-9,0.0050359630916666
SM1_SM1,MED,-10,0.1833807742208333
SM1_SM1,MED,-11,0.3435793268416667
SM1_SM1,MED,-12,0.5835369490333333
SM1_SM1,MED,-13,0.4230213791666666
SM1_SM1,MED,-14,0.134825958475
SM1_SM1,MED,-15,0.2582549023625
SM1_SM1,MED,-16,0.5436173367583332
SM1_SM1,MED,-17,0.8330310185875
SM1_SM1,MED,-18,0.792047384
SM1_SM1,MED,-19,0.6756768253291666
SM1_SM1,MED,-20,0.5871973190625
SM1_SM1,MED,-21,0.3120462953916666
SM1_SM1,MED,-22,0.3664826214625
SM1_SM1,MED,-23,0.1642933933041666
SM1_SM1,MED,-24,0.4058675044625
SM1_SM1,MED,-25,0.2727000233625
SM1_SM1,MED,-26,0.3170034335166666
SM1_SM1,MED,-27,0.0903348376791667
SM1_SM1,MED,-28,0.1027190001083333
SM1_SM1,MED,-29,0.0614879244541666
SM1_SM1,MED,-30,-0.0842152043624999
SM1_SM1,FOR,0,-0.1753802480888888
SM1_SM1,FOR,-1,-0.2853325704111111
SM1_SM1,FOR,-2,-0.4789710977037038
SM1_SM1,FOR,-3,-0.7175706509555556
SM1_SM1,FOR,-4,-0.6197263355777778
SM1_SM1,FOR,-5,-0.3888141316740741
SM1_SM1,FOR,-6,-0.1701879599851851
SM1_SM1,FOR,-7,-0.1637685486333333
SM1_SM1,FOR,-8,-0.1766107239888888
SM1_SM1,FOR,-9,-0.635300915537037
SM1_SM1,FOR,-10,-0.8645132175074074
SM1_SM1,FOR,-11,-0.8086886572814815
SM1_SM1,FOR,-12,-0.2305308481888888
SM1_SM1,FOR,-13,-0.0614896074555555
SM1_SM1,FOR,-14,0.0035415507296296
SM1_SM1,FOR,-15,0.0985779924814815
SM1_SM1,FOR,-16,0.2270893574037037
SM1_SM1,FOR,-17,0.1967831288037037
SM1_SM1,FOR,-18,-0.0368993387074073
SM1_SM1,FOR,-19,-0.0780278705518518
SM1_SM1,FOR,-20,-0.4655272144037037
SM1_SM1,FOR,-21,-0.5723247719370371
SM1_SM1,FOR,-22,-0.5222098947185185
SM1_SM1,FOR,-23,-0.1166441723074074
SM1_SM1,FOR,-24,0.0595837989814814
SM1_SM1,FOR,-25,0.1294116315888889
SM1_SM1,FOR,-26,0.2595248907185185
SM1_SM1,FOR,-27,0.3148773716074073
SM1_SM1,FOR,-28,0.3242114753370371
SM1_SM1,FOR,-29,0.2478884499629629
SM1_SM1,FOR,-30,0.3244648125555555
