Category,Variable,Region,Lag (months),Lagged Correlation,p-value,p_value
LFMC,LFMC,North American Deserts,0,-0.0875698661049116,0.1559522994117637,
LFMC,LFMC,North American Deserts,1,-0.0220161590361572,0.7223015655679452,
LFMC,LFMC,North American Deserts,2,-0.0294650950436893,0.6349602780425044,
LFMC,LFMC,North American Deserts,3,0.0071240069923934,0.9088090391960176,
LFMC,LFMC,North American Deserts,4,0.0173482311413345,0.7807015376520723,
LFMC,LFMC,North American Deserts,5,0.0310496543054682,0.6189071384246079,
LFMC,LFMC,North American Deserts,6,0.0568375684654754,0.3632188570234637,
LFMC,LFMC,North American Deserts,7,0.0672259580580942,0.2829681048536322,
LFMC,LFMC,North American Deserts,8,0.1037823300526436,0.0975461641317107,
LFMC,LFMC,North American Deserts,9,0.0155547996757758,0.804765182309904,
LFMC,LFMC,North American Deserts,10,0.0383155720973148,0.5432796643203647,
LFMC,LFMC,North American Deserts,11,0.065169966402421,0.3018114191013378,
LFMC,LFMC,North American Deserts,12,0.0409054540355423,0.5180228076054985,
LFMC,LFMC,North American Deserts,13,0.0379533295389869,0.5495009310956924,
LFMC,LFMC,North American Deserts,14,0.0439038064609033,0.4895438514086246,
LFMC,LFMC,North American Deserts,15,0.092164788184998,0.147028920786042,
LFMC,LFMC,North American Deserts,16,0.0861995716967386,0.1760128002124306,
LFMC,LFMC,North American Deserts,17,0.085611922137244,0.1798764953084941,
LFMC,LFMC,North American Deserts,18,0.2254345324581891,0.000365555104889,
LFMC,LFMC,North American Deserts,19,0.2136949301911888,0.0007606707465262,
LFMC,LFMC,North American Deserts,20,0.1819626697066197,0.0043500241617719,
LFMC,LFMC,North American Deserts,21,0.1144864776260702,0.0748590636503143,
LFMC,LFMC,North American Deserts,22,0.0540782314955582,0.4023019187048561,
LFMC,LFMC,North American Deserts,23,0.0262302390178663,0.6853632628507298,
LFMC,LFMC,North American Deserts,24,0.0630158509696348,0.3309972807277916,
LFMC,LFMC,North American Deserts,25,0.0627755704792377,0.3338679679817058,
LFMC,LFMC,North American Deserts,26,0.0520148528666273,0.4244283108808186,
LFMC,LFMC,North American Deserts,27,0.0442740494610202,0.4975692010284794,
LFMC,LFMC,North American Deserts,28,0.0368471746086813,0.5732695339648408,
LFMC,LFMC,North American Deserts,29,0.073291908236012,0.2631152222800851,
LFMC,LFMC,North American Deserts,30,0.1103568577041319,0.0921346444224171,
LFMC,LFMC,Mediterranean California,0,-0.2063621363212438,0.0007422973640196,
LFMC,LFMC,Mediterranean California,1,-0.1129542749938651,0.0674082187340342,
LFMC,LFMC,Mediterranean California,2,-0.0596751663352139,0.3359661585792173,
LFMC,LFMC,Mediterranean California,3,-0.0601264840275106,0.333251008678625,
LFMC,LFMC,Mediterranean California,4,-0.0654691068484171,0.2929372986305489,
LFMC,LFMC,Mediterranean California,5,-0.0586934749725447,0.3467948151811687,
LFMC,LFMC,Mediterranean California,6,-0.1066906714359433,0.0872160814690484,
LFMC,LFMC,Mediterranean California,7,-0.1438515179621753,0.0210612563588387,
LFMC,LFMC,Mediterranean California,8,-0.0328014133669031,0.6013954549091695,
LFMC,LFMC,Mediterranean California,9,0.0003922533580361,0.9950268099817852,
LFMC,LFMC,Mediterranean California,10,-0.0502820256047394,0.4249193439860921,
LFMC,LFMC,Mediterranean California,11,-0.0688239068930613,0.2754560045301304,
LFMC,LFMC,Mediterranean California,12,0.0019534135245204,0.9753849076355476,
LFMC,LFMC,Mediterranean California,13,0.069104154809334,0.275424618320303,
LFMC,LFMC,Mediterranean California,14,0.0934674794796716,0.1405698764921188,
LFMC,LFMC,Mediterranean California,15,0.0736152351340847,0.2471274222788675,
LFMC,LFMC,Mediterranean California,16,0.0669605416572912,0.2935583279990074,
LFMC,LFMC,Mediterranean California,17,0.059648114112067,0.3505515759707688,
LFMC,LFMC,Mediterranean California,18,0.121665057846976,0.0567011151942206,
LFMC,LFMC,Mediterranean California,19,0.1263845482215277,0.0481496858969295,
LFMC,LFMC,Mediterranean California,20,0.0697553581238202,0.2777707063593992,
LFMC,LFMC,Mediterranean California,21,0.014425593908952,0.822971372398576,
LFMC,LFMC,Mediterranean California,22,-0.0500071759973683,0.4387026034802117,
LFMC,LFMC,Mediterranean California,23,-0.0683892870614862,0.2903263852658694,
LFMC,LFMC,Mediterranean California,24,-0.0540139585756697,0.4048333111715121,
LFMC,LFMC,Mediterranean California,25,-0.0298380858619598,0.64625612535622,
LFMC,LFMC,Mediterranean California,26,-0.0373773999828203,0.5661064425947617,
LFMC,LFMC,Mediterranean California,27,-0.0442749509157879,0.4975604374783168,
LFMC,LFMC,Mediterranean California,28,-0.0777405999077907,0.2341509317621953,
LFMC,LFMC,Mediterranean California,29,-0.0322560958695109,0.622741979532784,
LFMC,LFMC,Mediterranean California,30,-0.0250153949176869,0.7034463760973673,
LFMC,LFMC,Northwestern Forested Mountains,0,-0.1808894599195194,0.0031825847819511,
LFMC,LFMC,Northwestern Forested Mountains,1,-0.1370338511226097,0.0262682018748368,
LFMC,LFMC,Northwestern Forested Mountains,2,-0.1560376605010124,0.0114347636819317,
LFMC,LFMC,Northwestern Forested Mountains,3,-0.0958889316351806,0.1222833292405314,
LFMC,LFMC,Northwestern Forested Mountains,4,-0.0497151186806359,0.4247176498890487,
LFMC,LFMC,Northwestern Forested Mountains,5,-0.0736436410855015,0.237581316813464,
LFMC,LFMC,Northwestern Forested Mountains,6,-0.0739334548944539,0.2366502959317099,
LFMC,LFMC,Northwestern Forested Mountains,7,-0.0676098316894398,0.2802221099917248,
LFMC,LFMC,Northwestern Forested Mountains,8,-0.0856109807736324,0.1720706353363414,
LFMC,LFMC,Northwestern Forested Mountains,9,-0.0968901980083372,0.122771612446271,
LFMC,LFMC,Northwestern Forested Mountains,10,-0.1154146536147059,0.0662873178618068,
LFMC,LFMC,Northwestern Forested Mountains,11,-0.0424260208580646,0.5017186715111206,
LFMC,LFMC,Northwestern Forested Mountains,12,0.0402673139551712,0.524578351986194,
LFMC,LFMC,Northwestern Forested Mountains,13,0.032414342629482,0.6092735051778088,
LFMC,LFMC,Northwestern Forested Mountains,14,0.0219977919646714,0.7292567213106529,
LFMC,LFMC,Northwestern Forested Mountains,15,0.001963466770307,0.9754074160297288,
LFMC,LFMC,Northwestern Forested Mountains,16,0.0346969699353768,0.5865710387507355,
LFMC,LFMC,Northwestern Forested Mountains,17,-0.0035078694132899,0.9562571603300464,
LFMC,LFMC,Northwestern Forested Mountains,18,0.0262353820762036,0.6822016800510828,
LFMC,LFMC,Northwestern Forested Mountains,19,-0.0076965132314421,0.9045978742705444,
LFMC,LFMC,Northwestern Forested Mountains,20,-0.0193177453130614,0.7640007109352542,
LFMC,LFMC,Northwestern Forested Mountains,21,-0.0007928264262094,0.9901900834102004,
LFMC,LFMC,Northwestern Forested Mountains,22,0.0275765746657234,0.6694879494161406,
LFMC,LFMC,Northwestern Forested Mountains,23,0.0257741504063646,0.6905503789926735,
LFMC,LFMC,Northwestern Forested Mountains,24,0.0638344415701661,0.3247416606815736,
LFMC,LFMC,Northwestern Forested Mountains,25,0.1210708132625435,0.0616539083083898,
LFMC,LFMC,Northwestern Forested Mountains,26,0.1110889565295955,0.0872527525197176,
LFMC,LFMC,Northwestern Forested Mountains,27,0.1052087859387479,0.1061825299441335,
LFMC,LFMC,Northwestern Forested Mountains,28,0.0705811464072635,0.2801963390825942,
LFMC,LFMC,Northwestern Forested Mountains,29,0.1094630456693204,0.0941063504083482,
LFMC,LFMC,Northwestern Forested Mountains,30,0.0914053042808407,0.163419142864507,
LFMC,LFMC,Marine West Coast Forest,0,-0.0736662278011564,0.2329178353951417,
LFMC,LFMC,Marine West Coast Forest,1,-0.0659346016605933,0.2867193953656649,
LFMC,LFMC,Marine West Coast Forest,2,-0.0098124503854463,0.8743994709910778,
LFMC,LFMC,Marine West Coast Forest,3,0.0332421803369148,0.5929168636609571,
LFMC,LFMC,Marine West Coast Forest,4,0.006192578947096,0.9208427840624598,
LFMC,LFMC,Marine West Coast Forest,5,-0.0401478540763274,0.5200601470135557,
LFMC,LFMC,Marine West Coast Forest,6,-0.0517861832824478,0.4074858230203816,
LFMC,LFMC,Marine West Coast Forest,7,-0.0315725364382075,0.6143987222901257,
LFMC,LFMC,Marine West Coast Forest,8,-0.0142132381681004,0.8209600636200152,
LFMC,LFMC,Marine West Coast Forest,9,-0.0508902094364518,0.4184096912509368,
LFMC,LFMC,Marine West Coast Forest,10,0.0061662224862993,0.9220993524891932,
LFMC,LFMC,Marine West Coast Forest,11,0.0532587183251028,0.3989289340207144,
LFMC,LFMC,Marine West Coast Forest,12,0.0455667038307089,0.4714468708721326,
LFMC,LFMC,Marine West Coast Forest,13,-0.0356051184278666,0.574488388182574,
LFMC,LFMC,Marine West Coast Forest,14,-0.0351002556510738,0.5806930327719768,
LFMC,LFMC,Marine West Coast Forest,15,0.0333841790102389,0.600077575240742,
LFMC,LFMC,Marine West Coast Forest,16,0.0384018772944636,0.5472272548212513,
LFMC,LFMC,Marine West Coast Forest,17,-0.012176595266997,0.8489905732130125,
LFMC,LFMC,Marine West Coast Forest,18,0.0233423694670635,0.7156371941066328,
LFMC,LFMC,Marine West Coast Forest,19,-0.0011071881589589,0.9862438645573024,
LFMC,LFMC,Marine West Coast Forest,20,-0.0313900388017233,0.6255990846950479,
LFMC,LFMC,Marine West Coast Forest,21,-0.096233054108424,0.1346891904726138,
LFMC,LFMC,Marine West Coast Forest,22,-0.0856953732252238,0.1839633916522515,
LFMC,LFMC,Marine West Coast Forest,23,-0.0478101696680445,0.4600423273353529,
LFMC,LFMC,Marine West Coast Forest,24,-0.0198034065615379,0.7601976345673125,
LFMC,LFMC,Marine West Coast Forest,25,0.0065748441310518,0.9194609028513738,
LFMC,LFMC,Marine West Coast Forest,26,-0.0282010790615769,0.6651160290896186,
LFMC,LFMC,Marine West Coast Forest,27,0.0096838925471892,0.8821084638662422,
LFMC,LFMC,Marine West Coast Forest,28,0.0042658684112123,0.9480260226259228,
LFMC,LFMC,Marine West Coast Forest,29,-0.0058739959491764,0.9286310890417836,
LFMC,LFMC,Marine West Coast Forest,30,-0.0449777842622051,0.4935395753397662,
DFMC,DFMC_Foliage,North American Deserts,0,-0.1299701948098532,0.0347976098719361,
DFMC,DFMC_Foliage,North American Deserts,1,-0.03197702799334,0.6056852924823393,
DFMC,DFMC_Foliage,North American Deserts,2,-0.0365198499638521,0.556199886076511,
DFMC,DFMC_Foliage,North American Deserts,3,-0.0171441877417134,0.7828064084725913,
DFMC,DFMC_Foliage,North American Deserts,4,0.0493286769148838,0.4283310516969938,
DFMC,DFMC_Foliage,North American Deserts,5,-0.0140253210020651,0.8222628927616318,
DFMC,DFMC_Foliage,North American Deserts,6,-0.0715136455793409,0.2523883488225413,
DFMC,DFMC_Foliage,North American Deserts,7,-0.0877925357433716,0.1605358838559713,
DFMC,DFMC_Foliage,North American Deserts,8,0.0481546120393682,0.442993284767216,
DFMC,DFMC_Foliage,North American Deserts,9,0.0117415470125057,0.851987818762141,
DFMC,DFMC_Foliage,North American Deserts,10,0.0172561956842118,0.7843287253475272,
DFMC,DFMC_Foliage,North American Deserts,11,0.0439547329311108,0.4864180819308316,
DFMC,DFMC_Foliage,North American Deserts,12,-0.0559058702138556,0.3768272321525193,
DFMC,DFMC_Foliage,North American Deserts,13,-0.0153959400493265,0.8082266293178705,
DFMC,DFMC_Foliage,North American Deserts,14,-0.0010932654922478,0.9862775244839788,
DFMC,DFMC_Foliage,North American Deserts,15,0.1040676253400699,0.1013491211824362,
DFMC,DFMC_Foliage,North American Deserts,16,0.0225276186370137,0.7240750895478957,
DFMC,DFMC_Foliage,North American Deserts,17,0.0747092569528281,0.2420702879713061,
DFMC,DFMC_Foliage,North American Deserts,18,0.0999715853557775,0.1178346445162187,
DFMC,DFMC_Foliage,North American Deserts,19,0.1239030918244947,0.0527524234958003,
DFMC,DFMC_Foliage,North American Deserts,20,0.1914013935871859,0.0026800235649467,
DFMC,DFMC_Foliage,North American Deserts,21,0.0525314412547398,0.4149436374951155,
DFMC,DFMC_Foliage,North American Deserts,22,0.0311218137195755,0.6299822538400326,
DFMC,DFMC_Foliage,North American Deserts,23,0.0332378862178937,0.6076366173284622,
DFMC,DFMC_Foliage,North American Deserts,24,-0.0376812097432247,0.5612987872194299,
DFMC,DFMC_Foliage,North American Deserts,25,0.0300543229844238,0.6438682942535625,
DFMC,DFMC_Foliage,North American Deserts,26,0.0206792743049234,0.7509563136021072,
DFMC,DFMC_Foliage,North American Deserts,27,0.053722196881327,0.4103574531756595,
DFMC,DFMC_Foliage,North American Deserts,28,0.0540419141175987,0.4085751225446953,
DFMC,DFMC_Foliage,North American Deserts,29,-0.0104700084144728,0.8731562119438043,
DFMC,DFMC_Foliage,North American Deserts,30,0.0344345089665151,0.600221923533772,
DFMC,DFMC_Foliage,Mediterranean California,0,-0.168600851763202,0.0060303508204411,
DFMC,DFMC_Foliage,Mediterranean California,1,-0.1577564165147248,0.0103994315407661,
DFMC,DFMC_Foliage,Mediterranean California,2,-0.0518217221462121,0.4035158630895394,
DFMC,DFMC_Foliage,Mediterranean California,3,-0.0030007896814951,0.9615196675112994,
DFMC,DFMC_Foliage,Mediterranean California,4,-0.0145653042204766,0.8151874216306315,
DFMC,DFMC_Foliage,Mediterranean California,5,0.0108819527424178,0.8616402937917047,
DFMC,DFMC_Foliage,Mediterranean California,6,-0.0003658013792843,0.9953347082501492,
DFMC,DFMC_Foliage,Mediterranean California,7,-0.0406446531988055,0.5165483520206835,
DFMC,DFMC_Foliage,Mediterranean California,8,-0.0226245994506752,0.7186465902332966,
DFMC,DFMC_Foliage,Mediterranean California,9,-0.0033869847151459,0.9570783867047864,
DFMC,DFMC_Foliage,Mediterranean California,10,0.0132314953306958,0.8337891244367936,
DFMC,DFMC_Foliage,Mediterranean California,11,-0.0586734958525441,0.3526618395696662,
DFMC,DFMC_Foliage,Mediterranean California,12,-0.0399313718212038,0.5280463409255585,
DFMC,DFMC_Foliage,Mediterranean California,13,0.0349686966420034,0.5813514977758347,
DFMC,DFMC_Foliage,Mediterranean California,14,0.1085773532376517,0.0866714173558183,
DFMC,DFMC_Foliage,Mediterranean California,15,0.0673455110765643,0.2898050883159402,
DFMC,DFMC_Foliage,Mediterranean California,16,0.0670722592603665,0.2927518535712821,
DFMC,DFMC_Foliage,Mediterranean California,17,0.0650425085287812,0.3086226117900001,
DFMC,DFMC_Foliage,Mediterranean California,18,0.1232538596558402,0.0535222670751366,
DFMC,DFMC_Foliage,Mediterranean California,19,0.1143420182947229,0.0740270193558833,
DFMC,DFMC_Foliage,Mediterranean California,20,0.0837812720716701,0.1921383760228003,
DFMC,DFMC_Foliage,Mediterranean California,21,0.0140617969728749,0.8273650303278792,
DFMC,DFMC_Foliage,Mediterranean California,22,0.0127614211607673,0.8434352627132943,
DFMC,DFMC_Foliage,Mediterranean California,23,-0.0471623058194163,0.4661515851402475,
DFMC,DFMC_Foliage,Mediterranean California,24,0.0330144620566329,0.6108038397637319,
DFMC,DFMC_Foliage,Mediterranean California,25,0.0432500615308885,0.5057718424318587,
DFMC,DFMC_Foliage,Mediterranean California,26,0.0079778746941814,0.9025579851922698,
DFMC,DFMC_Foliage,Mediterranean California,27,0.0044838360145602,0.94525773860095,
DFMC,DFMC_Foliage,Mediterranean California,28,-0.0483304194607129,0.4599338478746352,
DFMC,DFMC_Foliage,Mediterranean California,29,-0.0109730274533736,0.8671171560660424,
DFMC,DFMC_Foliage,Mediterranean California,30,0.0074434134337339,0.909829058246176,
DFMC,DFMC_Foliage,Northwestern Forested Mountains,0,-0.1969503485968081,0.0012979127652989,
DFMC,DFMC_Foliage,Northwestern Forested Mountains,1,-0.1138197491708071,0.0653220576391127,
DFMC,DFMC_Foliage,Northwestern Forested Mountains,2,-0.1772352873863478,0.0040032577284756,
DFMC,DFMC_Foliage,Northwestern Forested Mountains,3,-0.1055574678896605,0.0887730721433056,
DFMC,DFMC_Foliage,Northwestern Forested Mountains,4,-0.0743565847014122,0.2321489232126287,
DFMC,DFMC_Foliage,Northwestern Forested Mountains,5,-0.030097871958337,0.6297024365429095,
DFMC,DFMC_Foliage,Northwestern Forested Mountains,6,0.0264708132774371,0.6721538833379878,
DFMC,DFMC_Foliage,Northwestern Forested Mountains,7,-0.0054583578409193,0.930609336049161,
DFMC,DFMC_Foliage,Northwestern Forested Mountains,8,-0.0076769569695582,0.9027152855110236,
DFMC,DFMC_Foliage,Northwestern Forested Mountains,9,-0.072529238073182,0.2484881653739303,
DFMC,DFMC_Foliage,Northwestern Forested Mountains,10,-0.086845578852748,0.167625988266181,
DFMC,DFMC_Foliage,Northwestern Forested Mountains,11,-0.0553552347458543,0.3806000158152854,
DFMC,DFMC_Foliage,Northwestern Forested Mountains,12,-0.0328990831329303,0.6032022806195838,
DFMC,DFMC_Foliage,Northwestern Forested Mountains,13,-0.0375359514323657,0.5539030961511686,
DFMC,DFMC_Foliage,Northwestern Forested Mountains,14,-0.0227604281668506,0.720255874076438,
DFMC,DFMC_Foliage,Northwestern Forested Mountains,15,-0.032924212980956,0.6051133143049624,
DFMC,DFMC_Foliage,Northwestern Forested Mountains,16,0.073656517148652,0.2478225690793572,
DFMC,DFMC_Foliage,Northwestern Forested Mountains,17,0.0265045216078385,0.6784998319065823,
DFMC,DFMC_Foliage,Northwestern Forested Mountains,18,0.0522454622216221,0.4146020515624264,
DFMC,DFMC_Foliage,Northwestern Forested Mountains,19,0.0149931863989098,0.8153782598715148,
DFMC,DFMC_Foliage,Northwestern Forested Mountains,20,-0.0111924794204263,0.8619127805119745,
DFMC,DFMC_Foliage,Northwestern Forested Mountains,21,0.0284355393645011,0.6591624603056283,
DFMC,DFMC_Foliage,Northwestern Forested Mountains,22,0.0115387497507452,0.8582695566625846,
DFMC,DFMC_Foliage,Northwestern Forested Mountains,23,0.0191171427591646,0.7677938493127224,
DFMC,DFMC_Foliage,Northwestern Forested Mountains,24,-0.0231705411552283,0.7209942063741697,
DFMC,DFMC_Foliage,Northwestern Forested Mountains,25,0.0832776625294469,0.199519653303212,
DFMC,DFMC_Foliage,Northwestern Forested Mountains,26,0.0644999485944475,0.3217587881906169,
DFMC,DFMC_Foliage,Northwestern Forested Mountains,27,0.1136626287502772,0.0807717180197456,
DFMC,DFMC_Foliage,Northwestern Forested Mountains,28,0.071036714795017,0.2770959865995544,
DFMC,DFMC_Foliage,Northwestern Forested Mountains,29,0.1001174327535668,0.1259090485853178,
DFMC,DFMC_Foliage,Northwestern Forested Mountains,30,0.0982834959458099,0.1338661328824415,
DFMC,DFMC_Foliage,Marine West Coast Forest,0,-0.0387747835935352,0.5304874694269899,
DFMC,DFMC_Foliage,Marine West Coast Forest,1,-0.0024607035634582,0.9683196390843636,
DFMC,DFMC_Foliage,Marine West Coast Forest,2,0.0681735995097424,0.2715546375586306,
DFMC,DFMC_Foliage,Marine West Coast Forest,3,-0.0017916083819206,0.977019783311074,
DFMC,DFMC_Foliage,Marine West Coast Forest,4,-0.0398145774337011,0.5227247580929663,
DFMC,DFMC_Foliage,Marine West Coast Forest,5,0.0324178040614413,0.6035319138524524,
DFMC,DFMC_Foliage,Marine West Coast Forest,6,-0.0542243275047852,0.385733430311413,
DFMC,DFMC_Foliage,Marine West Coast Forest,7,-0.0111671088292277,0.8586010589560085,
DFMC,DFMC_Foliage,Marine West Coast Forest,8,-0.0193507435164528,0.7579867872290638,
DFMC,DFMC_Foliage,Marine West Coast Forest,9,-0.0664769119311522,0.2902807571077551,
DFMC,DFMC_Foliage,Marine West Coast Forest,10,-0.0565937392361763,0.3690645050106758,
DFMC,DFMC_Foliage,Marine West Coast Forest,11,-0.036476790526518,0.5635895973686638,
DFMC,DFMC_Foliage,Marine West Coast Forest,12,-0.0126174698344807,0.8420216253100318,
DFMC,DFMC_Foliage,Marine West Coast Forest,13,0.0073768236760762,0.9074234366712916,
DFMC,DFMC_Foliage,Marine West Coast Forest,14,0.004864656596183,0.93899589270728,
DFMC,DFMC_Foliage,Marine West Coast Forest,15,0.0107264754167124,0.8662575167922077,
DFMC,DFMC_Foliage,Marine West Coast Forest,16,0.0236296154969985,0.7111654537266405,
DFMC,DFMC_Foliage,Marine West Coast Forest,17,-0.0507008992171461,0.4276056259671167,
DFMC,DFMC_Foliage,Marine West Coast Forest,18,-0.0748449119467072,0.242178567778049,
DFMC,DFMC_Foliage,Marine West Coast Forest,19,-0.0259851285342345,0.6856834121033227,
DFMC,DFMC_Foliage,Marine West Coast Forest,20,0.0379220795854366,0.5555043794575169,
DFMC,DFMC_Foliage,Marine West Coast Forest,21,-0.0648242900715182,0.3142428528339651,
DFMC,DFMC_Foliage,Marine West Coast Forest,22,-0.0599250420221562,0.3532920574385466,
DFMC,DFMC_Foliage,Marine West Coast Forest,23,-0.0523598096187214,0.4184162332037515,
DFMC,DFMC_Foliage,Marine West Coast Forest,24,-0.0167406377284212,0.7964000196480456,
DFMC,DFMC_Foliage,Marine West Coast Forest,25,0.0675489221518289,0.298342495825346,
DFMC,DFMC_Foliage,Marine West Coast Forest,26,-0.0090245240562472,0.8898504801736131,
DFMC,DFMC_Foliage,Marine West Coast Forest,27,-0.0258867731884904,0.6917500468135134,
DFMC,DFMC_Foliage,Marine West Coast Forest,28,0.0035807079820372,0.9563647327037064,
DFMC,DFMC_Foliage,Marine West Coast Forest,29,0.0742335870242175,0.2570144139550818,
DFMC,DFMC_Foliage,Marine West Coast Forest,30,-0.0273080915770038,0.6777217502415254,
DFMC,DFMC_Wood,North American Deserts,0,-0.1243809064169204,0.0434655707088113,
DFMC,DFMC_Wood,North American Deserts,1,-0.0202911476240359,0.7432644819046017,
DFMC,DFMC_Wood,North American Deserts,2,-0.0155484182849799,0.8022123768757656,
DFMC,DFMC_Wood,North American Deserts,3,-0.0334123014828463,0.5910249140790906,
DFMC,DFMC_Wood,North American Deserts,4,0.0426205667584977,0.4938263866967497,
DFMC,DFMC_Wood,North American Deserts,5,-0.043094743094743,0.4898732427140438,
DFMC,DFMC_Wood,North American Deserts,6,-0.0456329359596032,0.4655157517362115,
DFMC,DFMC_Wood,North American Deserts,7,-0.0613702945434802,0.3271015524619591,
DFMC,DFMC_Wood,North American Deserts,8,0.0514026379034103,0.4128098723042037,
DFMC,DFMC_Wood,North American Deserts,9,0.0031763837424733,0.9597449037815956,
DFMC,DFMC_Wood,North American Deserts,10,0.0198155711819445,0.7533073273600727,
DFMC,DFMC_Wood,North American Deserts,11,0.043155178725189,0.4943892382685312,
DFMC,DFMC_Wood,North American Deserts,12,-0.0564480268273789,0.3722100068409095,
DFMC,DFMC_Wood,North American Deserts,13,-0.0133067729083665,0.8338425754848514,
DFMC,DFMC_Wood,North American Deserts,14,-0.0074754476071617,0.906379456403926,
DFMC,DFMC_Wood,North American Deserts,15,0.0983746599300427,0.1215566164081399,
DFMC,DFMC_Wood,North American Deserts,16,0.0208565750529871,0.7437995807282021,
DFMC,DFMC_Wood,North American Deserts,17,0.0902856305564492,0.1571731683581244,
DFMC,DFMC_Wood,North American Deserts,18,0.1316928074676103,0.039017853390008,
DFMC,DFMC_Wood,North American Deserts,19,0.1188447070151531,0.0632701554359362,
DFMC,DFMC_Wood,North American Deserts,20,0.2063450759781751,0.0011885324817184,
DFMC,DFMC_Wood,North American Deserts,21,0.0379528017381966,0.5560040055887903,
DFMC,DFMC_Wood,North American Deserts,22,0.0234183064561538,0.7170031907068015,
DFMC,DFMC_Wood,North American Deserts,23,0.0185101676897225,0.7749657633877892,
DFMC,DFMC_Wood,North American Deserts,24,-0.0336707234500598,0.6037269296262711,
DFMC,DFMC_Wood,North American Deserts,25,0.0429960268626279,0.5082766024335215,
DFMC,DFMC_Wood,North American Deserts,26,0.0297017276271241,0.6484589332360697,
DFMC,DFMC_Wood,North American Deserts,27,0.0535797670280298,0.4116013032377429,
DFMC,DFMC_Wood,North American Deserts,28,0.0307686689460302,0.6381557542853884,
DFMC,DFMC_Wood,North American Deserts,29,0.0103775416793808,0.8742671426874177,
DFMC,DFMC_Wood,North American Deserts,30,0.0351519238378886,0.5926450886582797,
DFMC,DFMC_Wood,Mediterranean California,0,-0.1778248080924026,0.0037466677871313,
DFMC,DFMC_Wood,Mediterranean California,1,-0.1440262491985128,0.0194504216519355,
DFMC,DFMC_Wood,Mediterranean California,2,-0.0226972543972114,0.7146056533932861,
DFMC,DFMC_Wood,Mediterranean California,3,-0.0356045113086439,0.5668958086546989,
DFMC,DFMC_Wood,Mediterranean California,4,-0.0224375189892431,0.7187751876922287,
DFMC,DFMC_Wood,Mediterranean California,5,0.0006540913517657,0.9916417632393576,
DFMC,DFMC_Wood,Mediterranean California,6,-0.0033753649716006,0.956972387887459,
DFMC,DFMC_Wood,Mediterranean California,7,-0.0339512544113654,0.5879679898120057,
DFMC,DFMC_Wood,Mediterranean California,8,-0.0341625658045319,0.5863830251118263,
DFMC,DFMC_Wood,Mediterranean California,9,0.0130999594719777,0.8350956457253054,
DFMC,DFMC_Wood,Mediterranean California,10,-0.0217532271381678,0.7300791845082484,
DFMC,DFMC_Wood,Mediterranean California,11,-0.0634241372002412,0.3149743667618348,
DFMC,DFMC_Wood,Mediterranean California,12,-0.0254408678105196,0.6877440406090075,
DFMC,DFMC_Wood,Mediterranean California,13,0.0620929614873837,0.3271982196426813,
DFMC,DFMC_Wood,Mediterranean California,14,0.133000144002304,0.0355774619790645,
DFMC,DFMC_Wood,Mediterranean California,15,0.0767671978235522,0.2274118439036916,
DFMC,DFMC_Wood,Mediterranean California,16,0.0559083663896804,0.3806584615173162,
DFMC,DFMC_Wood,Mediterranean California,17,0.0534924204537853,0.4025732511240699,
DFMC,DFMC_Wood,Mediterranean California,18,0.1263194168750743,0.0478062838894048,
DFMC,DFMC_Wood,Mediterranean California,19,0.1128397620543619,0.0779302764573339,
DFMC,DFMC_Wood,Mediterranean California,20,0.0716181554589048,0.2651083506776656,
DFMC,DFMC_Wood,Mediterranean California,21,0.0048079737597869,0.9405625182474926,
DFMC,DFMC_Wood,Mediterranean California,22,-0.0103575678830299,0.8726479133074536,
DFMC,DFMC_Wood,Mediterranean California,23,-0.035251706045746,0.5860439995954054,
DFMC,DFMC_Wood,Mediterranean California,24,0.0170862341360093,0.7922915590173848,
DFMC,DFMC_Wood,Mediterranean California,25,0.0320329805562392,0.6221906303571738,
DFMC,DFMC_Wood,Mediterranean California,26,0.0252269966828953,0.6986112614450006,
DFMC,DFMC_Wood,Mediterranean California,27,-0.0135019895106723,0.8361887584547044,
DFMC,DFMC_Wood,Mediterranean California,28,-0.0645409851780505,0.32351385142025,
DFMC,DFMC_Wood,Mediterranean California,29,-0.0221947904241449,0.7350111670315945,
DFMC,DFMC_Wood,Mediterranean California,30,0.0154586046468066,0.8140388217054544,
DFMC,DFMC_Wood,Northwestern Forested Mountains,0,-0.2039875039946781,0.0008566840739815,
DFMC,DFMC_Wood,Northwestern Forested Mountains,1,-0.1219335695796381,0.0482241328278856,
DFMC,DFMC_Wood,Northwestern Forested Mountains,2,-0.1490509643155377,0.0157538965641091,
DFMC,DFMC_Wood,Northwestern Forested Mountains,3,-0.078334379492579,0.2071664171012775,
DFMC,DFMC_Wood,Northwestern Forested Mountains,4,-0.0575777748191541,0.3551179873322245,
DFMC,DFMC_Wood,Northwestern Forested Mountains,5,-0.0372065395321209,0.5511132910678762,
DFMC,DFMC_Wood,Northwestern Forested Mountains,6,0.0260571467702044,0.6769869913531781,
DFMC,DFMC_Wood,Northwestern Forested Mountains,7,0.015062268120532,0.8100953109073092,
DFMC,DFMC_Wood,Northwestern Forested Mountains,8,-0.0312671663996337,0.6185205644128072,
DFMC,DFMC_Wood,Northwestern Forested Mountains,9,-0.0864339682723483,0.1688107691332978,
DFMC,DFMC_Wood,Northwestern Forested Mountains,10,-0.1014373145230828,0.1067806905164541,
DFMC,DFMC_Wood,Northwestern Forested Mountains,11,-0.088505241192677,0.1604539055980106,
DFMC,DFMC_Wood,Northwestern Forested Mountains,12,-0.0325511430656069,0.6070417965493164,
DFMC,DFMC_Wood,Northwestern Forested Mountains,13,-0.016411307152343,0.7958485002127051,
DFMC,DFMC_Wood,Northwestern Forested Mountains,14,-0.0309520472327557,0.6262165643961459,
DFMC,DFMC_Wood,Northwestern Forested Mountains,15,-0.0233595025262339,0.7137666642700797,
DFMC,DFMC_Wood,Northwestern Forested Mountains,16,0.0503224862359192,0.4301262181488756,
DFMC,DFMC_Wood,Northwestern Forested Mountains,17,0.0114569165150969,0.8578182776702667,
DFMC,DFMC_Wood,Northwestern Forested Mountains,18,0.0440491472583898,0.4916423856066346,
DFMC,DFMC_Wood,Northwestern Forested Mountains,19,-0.0108193457310953,0.8661990564226322,
DFMC,DFMC_Wood,Northwestern Forested Mountains,20,-0.0068944153253286,0.9146759580755934,
DFMC,DFMC_Wood,Northwestern Forested Mountains,21,0.0411659231828133,0.5230342468652829,
DFMC,DFMC_Wood,Northwestern Forested Mountains,22,0.0234174597308006,0.7170129852986092,
DFMC,DFMC_Wood,Northwestern Forested Mountains,23,0.0235562909365248,0.7159766041316084,
DFMC,DFMC_Wood,Northwestern Forested Mountains,24,-0.0081563916040209,0.8999688737019527,
DFMC,DFMC_Wood,Northwestern Forested Mountains,25,0.0782734432685207,0.227977757819444,
DFMC,DFMC_Wood,Northwestern Forested Mountains,26,0.0902677049846473,0.1651108682559527,
DFMC,DFMC_Wood,Northwestern Forested Mountains,27,0.09603197640352,0.1404854217646896,
DFMC,DFMC_Wood,Northwestern Forested Mountains,28,0.0895534242948504,0.1703132984193648,
DFMC,DFMC_Wood,Northwestern Forested Mountains,29,0.1148889936845219,0.0788073661684843,
DFMC,DFMC_Wood,Northwestern Forested Mountains,30,0.0612523385055574,0.3509029680132843,
DFMC,DFMC_Wood,Marine West Coast Forest,0,-0.0526546112974894,0.3941764986258648,
DFMC,DFMC_Wood,Marine West Coast Forest,1,0.0137034362510378,0.8249489938858384,
DFMC,DFMC_Wood,Marine West Coast Forest,2,0.0625315494127267,0.3133061389902778,
DFMC,DFMC_Wood,Marine West Coast Forest,3,0.0043785458488361,0.9438765808185272,
DFMC,DFMC_Wood,Marine West Coast Forest,4,0.001854654601358,0.9762573935165656,
DFMC,DFMC_Wood,Marine West Coast Forest,5,0.0076405890673311,0.902605478644933,
DFMC,DFMC_Wood,Marine West Coast Forest,6,-0.0877914342343015,0.1597217419954767,
DFMC,DFMC_Wood,Marine West Coast Forest,7,-0.0256073051701969,0.6828463058513903,
DFMC,DFMC_Wood,Marine West Coast Forest,8,-0.0458522711405683,0.4651271829517338,
DFMC,DFMC_Wood,Marine West Coast Forest,9,-0.0524553465943272,0.4042225295387118,
DFMC,DFMC_Wood,Marine West Coast Forest,10,-0.0957909594075359,0.1278513105758375,
DFMC,DFMC_Wood,Marine West Coast Forest,11,-0.0105260001137919,0.8676833734097303,
DFMC,DFMC_Wood,Marine West Coast Forest,12,-0.0104023066983898,0.8694832015680631,
DFMC,DFMC_Wood,Marine West Coast Forest,13,0.0319022287827997,0.6149420728660888,
DFMC,DFMC_Wood,Marine West Coast Forest,14,0.020183929100127,0.750811942310138,
DFMC,DFMC_Wood,Marine West Coast Forest,15,0.0035654749647838,0.95535827520915,
DFMC,DFMC_Wood,Marine West Coast Forest,16,-0.0208550275303873,0.7438179271816039,
DFMC,DFMC_Wood,Marine West Coast Forest,17,-0.0587545308296504,0.3578285826697663,
DFMC,DFMC_Wood,Marine West Coast Forest,18,-0.0603477950705175,0.3459076864261095,
DFMC,DFMC_Wood,Marine West Coast Forest,19,-0.0276813424322178,0.6663605044736238,
DFMC,DFMC_Wood,Marine West Coast Forest,20,0.0425656672375456,0.5081104921018882,
DFMC,DFMC_Wood,Marine West Coast Forest,21,-0.0502131315346609,0.4358613725292656,
DFMC,DFMC_Wood,Marine West Coast Forest,22,-0.0553556082643754,0.3912624505002411,
DFMC,DFMC_Wood,Marine West Coast Forest,23,-0.0225781961794071,0.7272920314609297,
DFMC,DFMC_Wood,Marine West Coast Forest,24,0.0136059626833716,0.8339081415001692,
DFMC,DFMC_Wood,Marine West Coast Forest,25,0.0605301359309833,0.3514803154228783,
DFMC,DFMC_Wood,Marine West Coast Forest,26,-0.0175543393806799,0.7876140975168968,
DFMC,DFMC_Wood,Marine West Coast Forest,27,0.0003394363420288,0.9958526720932904,
DFMC,DFMC_Wood,Marine West Coast Forest,28,0.0002076104845594,0.997468764457387,
DFMC,DFMC_Wood,Marine West Coast Forest,29,0.0761836942616516,0.2446923862220951,
DFMC,DFMC_Wood,Marine West Coast Forest,30,-0.0115186836456109,0.860872024217662,
VPD,VPD,North American Deserts,0,0.1233537034742285,0.0452413458481591,
VPD,VPD,North American Deserts,1,0.0419596657369855,0.4980706215627613,
VPD,VPD,North American Deserts,2,0.0165539527278708,0.7897107717992127,
VPD,VPD,North American Deserts,3,0.0055169714027308,0.9293185309880654,
VPD,VPD,North American Deserts,4,0.0108333418678246,0.86198664332683,
VPD,VPD,North American Deserts,5,-0.044623949275112,0.4745861425123659,
VPD,VPD,North American Deserts,6,0.0095097877199044,0.8791778464170552,
VPD,VPD,North American Deserts,7,0.0017928241788073,0.9771827544308744,
VPD,VPD,North American Deserts,8,-0.0469501029983978,0.4544975721687022,
VPD,VPD,North American Deserts,9,0.0751592172301991,0.2316996116477139,
VPD,VPD,North American Deserts,10,0.1093051057527365,0.0820950499204945,
VPD,VPD,North American Deserts,11,-0.0985963711057857,0.1177426451665317,
VPD,VPD,North American Deserts,12,0.0363702352269821,0.565508196535476,
VPD,VPD,North American Deserts,13,0.0961070005691519,0.1288787741935984,
VPD,VPD,North American Deserts,14,0.0070192483079729,0.912068981144306,
VPD,VPD,North American Deserts,15,-0.0641764477263894,0.3131512277709284,
VPD,VPD,North American Deserts,16,-0.1053677948046594,0.0978104814491472,
VPD,VPD,North American Deserts,17,0.0542784061770355,0.3956858511355393,
VPD,VPD,North American Deserts,18,-0.0870249867499088,0.1736514298133047,
VPD,VPD,North American Deserts,19,-0.0043664166986266,0.9457887913115068,
VPD,VPD,North American Deserts,20,-0.043398634499337,0.4998376447241636,
VPD,VPD,North American Deserts,21,-0.0606453674014528,0.3465204367038799,
VPD,VPD,North American Deserts,22,-0.0710059647567506,0.2712172038880314,
VPD,VPD,North American Deserts,23,-0.0417115325263194,0.519283004308619,
VPD,VPD,North American Deserts,24,-0.0267808468897029,0.6797567540171212,
VPD,VPD,North American Deserts,25,-0.0428914243521676,0.509309849990504,
VPD,VPD,North American Deserts,26,-0.0882898151580954,0.1746063961803731,
VPD,VPD,North American Deserts,27,-0.0731260107561583,0.262155714486683,
VPD,VPD,North American Deserts,28,0.00687095728704,0.916380217651241,
VPD,VPD,North American Deserts,29,-0.0493837092106114,0.4511728779560556,
VPD,VPD,North American Deserts,30,-0.0037308383030234,0.9547320512528534,
VPD,VPD,Mediterranean California,0,0.2717842025970299,7.477504233850034e-06,
VPD,VPD,Mediterranean California,1,0.1595302427813384,0.0095575253150534,
VPD,VPD,Mediterranean California,2,0.0683399774004966,0.2703838456753301,
VPD,VPD,Mediterranean California,3,0.0159616903233644,0.7974508135930736,
VPD,VPD,Mediterranean California,4,0.006064950892537,0.9224690331885488,
VPD,VPD,Mediterranean California,5,0.0010740359577568,0.9862759690483108,
VPD,VPD,Mediterranean California,6,0.0287145348225793,0.6461775823181812,
VPD,VPD,Mediterranean California,7,0.1233068557144149,0.0483061653718035,
VPD,VPD,Mediterranean California,8,0.0048301956969558,0.9386988257098836,
VPD,VPD,Mediterranean California,9,-0.0699665643816581,0.2656431969586721,
VPD,VPD,Mediterranean California,10,0.0589604688160782,0.3493479616336482,
VPD,VPD,Mediterranean California,11,0.0594508196356878,0.3463084875556199,
VPD,VPD,Mediterranean California,12,0.014681721073545,0.8166010250245277,
VPD,VPD,Mediterranean California,13,-0.0114642382849554,0.8565818399422824,
VPD,VPD,Mediterranean California,14,-0.0494135266164258,0.4366537490210849,
VPD,VPD,Mediterranean California,15,-0.0737434900893898,0.2463026644519046,
VPD,VPD,Mediterranean California,16,-0.1137796582700135,0.0736850376824618,
VPD,VPD,Mediterranean California,17,-0.0275548915865285,0.6665089125189287,
VPD,VPD,Mediterranean California,18,-0.1043704141081731,0.1024455223128364,
VPD,VPD,Mediterranean California,19,-0.1223624835779973,0.0557897515100897,
VPD,VPD,Mediterranean California,20,-0.0489225927165037,0.4468202712600455,
VPD,VPD,Mediterranean California,21,-0.0320576187441562,0.6189916593797826,
VPD,VPD,Mediterranean California,22,0.046301059126408,0.4734168296693609,
VPD,VPD,Mediterranean California,23,-0.0423253660711224,0.5131483229325098,
VPD,VPD,Mediterranean California,24,-0.0058351707494921,0.9283453156911626,
VPD,VPD,Mediterranean California,25,0.0234590907492704,0.7182362362659093,
VPD,VPD,Mediterranean California,26,-0.0050359638585586,0.938398792173846,
VPD,VPD,Mediterranean California,27,-0.0367405919673168,0.5735616611824734,
VPD,VPD,Mediterranean California,28,0.0516189111093866,0.4299362648008231,
VPD,VPD,Mediterranean California,29,-0.0233811386353759,0.7214185183659609,
VPD,VPD,Mediterranean California,30,-0.0420479103887012,0.5221413468611893,
VPD,VPD,Northwestern Forested Mountains,0,0.18874511670982,0.0020705440928331,
VPD,VPD,Northwestern Forested Mountains,1,0.0807885841845148,0.1915301783842147,
VPD,VPD,Northwestern Forested Mountains,2,0.0702936634315414,0.2568931575976306,
VPD,VPD,Northwestern Forested Mountains,3,0.0659201814242614,0.2886826819255343,
VPD,VPD,Northwestern Forested Mountains,4,0.0618880343018274,0.3201939169905733,
VPD,VPD,Northwestern Forested Mountains,5,0.060980377259447,0.3282972432321726,
VPD,VPD,Northwestern Forested Mountains,6,0.0824716154550558,0.1866653178006606,
VPD,VPD,Northwestern Forested Mountains,7,0.1147251945525291,0.0663152476668526,
VPD,VPD,Northwestern Forested Mountains,8,0.1133819237811856,0.0701288876235351,
VPD,VPD,Northwestern Forested Mountains,9,0.1091057781380268,0.0820498081433056,
VPD,VPD,Northwestern Forested Mountains,10,0.0781590803823318,0.2144555942306108,
VPD,VPD,Northwestern Forested Mountains,11,0.0676908963454667,0.2834557477337541,
VPD,VPD,Northwestern Forested Mountains,12,-0.0143427794562386,0.8207625964748375,
VPD,VPD,Northwestern Forested Mountains,13,-0.050843483210017,0.4225469442888199,
VPD,VPD,Northwestern Forested Mountains,14,-0.0440766092257476,0.4878345961527375,
VPD,VPD,Northwestern Forested Mountains,15,0.0130882238631947,0.8371828275986883,
VPD,VPD,Northwestern Forested Mountains,16,-0.0420121127057531,0.5101810713772899,
VPD,VPD,Northwestern Forested Mountains,17,0.0126848698942781,0.8427672412596177,
VPD,VPD,Northwestern Forested Mountains,18,0.0003325117940925,0.9958600497753426,
VPD,VPD,Northwestern Forested Mountains,19,-0.0030069604811136,0.9626520807949932,
VPD,VPD,Northwestern Forested Mountains,20,0.0677703018062112,0.2917077740594047,
VPD,VPD,Northwestern Forested Mountains,21,-0.000178971366254,0.9977854725369106,
VPD,VPD,Northwestern Forested Mountains,22,0.0042696125935155,0.947317325782318,
VPD,VPD,Northwestern Forested Mountains,23,0.0333270463975858,0.6066731958514483,
VPD,VPD,Northwestern Forested Mountains,24,-0.0578256566954287,0.3724461147879042,
VPD,VPD,Northwestern Forested Mountains,25,-0.1348519742625083,0.0372187315210213,0.0872187315210213
VPD,VPD,Northwestern Forested Mountains,26,-0.1418085586016622,0.0287233081825864,0.07872330818258641
VPD,VPD,Northwestern Forested Mountains,27,-0.1602299791403366,0.0135247336303023,0.06352473363030231
VPD,VPD,Northwestern Forested Mountains,28,-0.034707190037751,0.5957577692685003,
VPD,VPD,Northwestern Forested Mountains,29,-0.1160956845774732,0.0756943093928378,
VPD,VPD,Northwestern Forested Mountains,30,-0.1198424684316383,0.0672467907656488,
VPD,VPD,Marine West Coast Forest,0,0.1731628837200183,0.004779083109735,
VPD,VPD,Marine West Coast Forest,1,0.0503689129011671,0.4159474219279859,
VPD,VPD,Marine West Coast Forest,2,-0.0396159552501356,0.5231971610480366,
VPD,VPD,Marine West Coast Forest,3,-0.0553212883611325,0.3733935080289677,
VPD,VPD,Marine West Coast Forest,4,0.0387242694893433,0.5341821183455127,
VPD,VPD,Marine West Coast Forest,5,-0.0296174683542588,0.6351814709842005,
VPD,VPD,Marine West Coast Forest,6,0.0366391684496614,0.5579754825447004,
VPD,VPD,Marine West Coast Forest,7,-0.0332167101823144,0.5960738967689092,
VPD,VPD,Marine West Coast Forest,8,0.1047113212676279,0.0945675313995312,
VPD,VPD,Marine West Coast Forest,9,0.0451034163420603,0.4733307670884168,
VPD,VPD,Marine West Coast Forest,10,0.1009506167494074,0.1084816573137561,
VPD,VPD,Marine West Coast Forest,11,-0.015455296130889,0.8067438669721102,
VPD,VPD,Marine West Coast Forest,12,-0.0545621334659493,0.3884215139273359,
VPD,VPD,Marine West Coast Forest,13,0.1042428775715419,0.0994006295597733,
VPD,VPD,Marine West Coast Forest,14,-0.0283955434685729,0.6550100603417287,
VPD,VPD,Marine West Coast Forest,15,-0.0296961603568668,0.6409703421542792,
VPD,VPD,Marine West Coast Forest,16,-0.0069500960068978,0.913282926555455,
VPD,VPD,Marine West Coast Forest,17,-0.0298182262323279,0.6409601420074187,
VPD,VPD,Marine West Coast Forest,18,0.0329075609497874,0.6075000144161532,
VPD,VPD,Marine West Coast Forest,19,-0.0329596356680094,0.6076707910182993,
VPD,VPD,Marine West Coast Forest,20,0.1264367889179629,0.0485197019978291,
VPD,VPD,Marine West Coast Forest,21,0.0235399899525937,0.7150288236579618,
VPD,VPD,Marine West Coast Forest,22,0.1099469521662866,0.0878786816231113,
VPD,VPD,Marine West Coast Forest,23,0.0642957820671297,0.3202334111988667,
VPD,VPD,Marine West Coast Forest,24,0.1183576248415143,0.0671819803405617,
VPD,VPD,Marine West Coast Forest,25,0.0573792944586892,0.3771608658632714,
VPD,VPD,Marine West Coast Forest,26,-0.0402376508616643,0.5367478574761667,
VPD,VPD,Marine West Coast Forest,27,-0.0459922665995449,0.4810147195760874,
VPD,VPD,Marine West Coast Forest,28,0.0198311551376848,0.7618409168994396,
VPD,VPD,Marine West Coast Forest,29,-0.0620116461876547,0.3439125580511663,
VPD,VPD,Marine West Coast Forest,30,-0.0004499706200036,0.9945374320395016,
SM1,SM1,North American Deserts,0,-0.1022357153571731,0.0973987620118874,
SM1,SM1,North American Deserts,1,-0.0580091983017707,0.3487280111969989,
SM1,SM1,North American Deserts,2,-0.102865773162239,0.0966177067080558,
SM1,SM1,North American Deserts,3,0.0010070126416533,0.9870822522342207,
SM1,SM1,North American Deserts,4,0.0293272431203465,0.6378476199289704,
SM1,SM1,North American Deserts,5,0.0379732147174007,0.5429324652287499,
SM1,SM1,North American Deserts,6,-0.0618399984068249,0.3224569608436979,
SM1,SM1,North American Deserts,7,-0.0027896231110306,0.9645033462040016,
SM1,SM1,North American Deserts,8,0.0621931506065461,0.3215974605021118,
SM1,SM1,North American Deserts,9,-0.0331113941639648,0.5986845444621519,
SM1,SM1,North American Deserts,10,-0.0389292363797468,0.5368364926636011,
SM1,SM1,North American Deserts,11,0.0206453936340961,0.7438238728905326,
SM1,SM1,North American Deserts,12,-0.0297316287269517,0.6385462642662296,
SM1,SM1,North American Deserts,13,-0.0644993359893758,0.3087629261906283,
SM1,SM1,North American Deserts,14,-0.0768369413910622,0.2260484745107278,
SM1,SM1,North American Deserts,15,0.0410734551107656,0.5188369131604036,
SM1,SM1,North American Deserts,16,0.0911356015678228,0.1524492413250736,
SM1,SM1,North American Deserts,17,-0.0316839047324781,0.6202117915124715,
SM1,SM1,North American Deserts,18,0.1217287388936022,0.0565707647765938,
SM1,SM1,North American Deserts,19,0.1481064716970354,0.0203851576095461,
SM1,SM1,North American Deserts,20,0.116112164355724,0.0702112984051754,
SM1,SM1,North American Deserts,21,0.1367558680027631,0.033102158069869,
SM1,SM1,North American Deserts,22,0.0612364476315186,0.3428374037690314,
SM1,SM1,North American Deserts,23,-0.0075777579644045,0.9068374695840532,
SM1,SM1,North American Deserts,24,0.0035269709543568,0.9566527272421984,
SM1,SM1,North American Deserts,25,0.0322922893006575,0.6193731627408378,
SM1,SM1,North American Deserts,26,0.0002808389920239,0.9965613175163964,
SM1,SM1,North American Deserts,27,0.0281001480188728,0.6669089821840313,
SM1,SM1,North American Deserts,28,0.0458206849959144,0.4835893133696849,
SM1,SM1,North American Deserts,29,0.0317419808223991,0.6282987621497828,
SM1,SM1,North American Deserts,30,0.0435717145606653,0.5071609094867802,
SM1,SM1,Mediterranean California,0,-0.2359123192611964,0.0001089726836177,
SM1,SM1,Mediterranean California,1,-0.1626867168184324,0.0082077679598409,
SM1,SM1,Mediterranean California,2,-0.0658831905267579,0.2880231351029046,
SM1,SM1,Mediterranean California,3,-0.0267141825446642,0.6674968364787546,
SM1,SM1,Mediterranean California,4,-0.0349996074134005,0.574249141033486,
SM1,SM1,Mediterranean California,5,-0.025403195170637,0.6840712104915876,
SM1,SM1,Mediterranean California,6,-0.0652604334624061,0.2963644912531307,
SM1,SM1,Mediterranean California,7,-0.1486686725183241,0.0170795497930158,
SM1,SM1,Mediterranean California,8,-0.0394154840924696,0.5301313668555376,
SM1,SM1,Mediterranean California,9,0.0142289543770264,0.8211133059051533,
SM1,SM1,Mediterranean California,10,-0.0009479575341387,0.9880055011539024,
SM1,SM1,Mediterranean California,11,-0.0768335282200396,0.223276692571835,
SM1,SM1,Mediterranean California,12,-0.0706663277250493,0.2637319955102725,
SM1,SM1,Mediterranean California,13,-0.0232540314930753,0.7138996641148626,
SM1,SM1,Mediterranean California,14,0.0692128834061344,0.2756359544083339,
SM1,SM1,Mediterranean California,15,0.0567524290711232,0.3725263616462141,
SM1,SM1,Mediterranean California,16,0.0726557791830768,0.2543233560196491,
SM1,SM1,Mediterranean California,17,4.77802871276721e-06,0.9999403886850248,
SM1,SM1,Mediterranean California,18,0.1109239192862886,0.0825152943225839,
SM1,SM1,Mediterranean California,19,0.1794017087042734,0.0048533774237917,
SM1,SM1,Mediterranean California,20,0.0826041163277697,0.1984813294456723,
SM1,SM1,Mediterranean California,21,0.0333355077518018,0.6050769641566152,
SM1,SM1,Mediterranean California,22,0.0214869259255025,0.7394620124121951,
SM1,SM1,Mediterranean California,23,-0.0062446418161242,0.9231712595784148,
SM1,SM1,Mediterranean California,24,-0.0266653934964148,0.6810616303017507,
SM1,SM1,Mediterranean California,25,-0.0041023522379663,0.9496959587104914,
SM1,SM1,Mediterranean California,26,0.0076405118479784,0.906659402574917,
SM1,SM1,Mediterranean California,27,-0.0162270872734418,0.8037410634115124,
SM1,SM1,Mediterranean California,28,-0.082605778140934,0.206072773668209,
SM1,SM1,Mediterranean California,29,-0.0168132264417875,0.7976530510258678,
SM1,SM1,Mediterranean California,30,-0.0024074607400331,0.9707800950922,
SM1,SM1,Northwestern Forested Mountains,0,-0.135287518995102,0.0279601285606111,
SM1,SM1,Northwestern Forested Mountains,1,-0.0995585553969439,0.1072053549673685,
SM1,SM1,Northwestern Forested Mountains,2,-0.15620180215526,0.0113473017732002,
SM1,SM1,Northwestern Forested Mountains,3,-0.0807115232753558,0.1936704142830768,
SM1,SM1,Northwestern Forested Mountains,4,-0.1011193838780045,0.1037759394538196,
SM1,SM1,Northwestern Forested Mountains,5,-0.1184893045358161,0.0568587315499839,
SM1,SM1,Northwestern Forested Mountains,6,-0.1029844431346557,0.0988337446662751,
SM1,SM1,Northwestern Forested Mountains,7,-0.0665352683015111,0.2879543855509015,
SM1,SM1,Northwestern Forested Mountains,8,-0.0698443579766536,0.2655362142447165,
SM1,SM1,Northwestern Forested Mountains,9,-0.1030200613710051,0.1007173037029778,
SM1,SM1,Northwestern Forested Mountains,10,-0.0974492289835544,0.1213543591740169,
SM1,SM1,Northwestern Forested Mountains,11,-0.091151402517373,0.1482660306877405,
SM1,SM1,Northwestern Forested Mountains,12,0.0213825668528595,0.7355223674314264,
SM1,SM1,Northwestern Forested Mountains,13,0.0136740656421931,0.8293255411331678,
SM1,SM1,Northwestern Forested Mountains,14,-0.0060200643210291,0.9245456467206324,
SM1,SM1,Northwestern Forested Mountains,15,-0.0338002331908278,0.595538886697238,
SM1,SM1,Northwestern Forested Mountains,16,-0.0196622981412393,0.7580004255749548,
SM1,SM1,Northwestern Forested Mountains,17,-0.0553709820760216,0.3862302816565222,
SM1,SM1,Northwestern Forested Mountains,18,-0.0454839860304742,0.4776281018731128,
SM1,SM1,Northwestern Forested Mountains,19,-0.0310006609601057,0.6291868727474046,
SM1,SM1,Northwestern Forested Mountains,20,-0.0322755453122353,0.615877173906576,
SM1,SM1,Northwestern Forested Mountains,21,-0.0308416170313835,0.6323597867146461,
SM1,SM1,Northwestern Forested Mountains,22,0.020772289727401,0.7478295495357021,
SM1,SM1,Northwestern Forested Mountains,23,-0.0263674085250848,0.6838060927783576,
SM1,SM1,Northwestern Forested Mountains,24,0.0061459400336811,0.9245401732767706,
SM1,SM1,Northwestern Forested Mountains,25,0.1106342955592278,0.0878888784162973,
SM1,SM1,Northwestern Forested Mountains,26,0.1047876594629165,0.1068495758262411,
SM1,SM1,Northwestern Forested Mountains,27,0.1428589457666782,0.0278815785788821,0.0778815785788821
SM1,SM1,Northwestern Forested Mountains,28,0.0098928638270483,0.8798385976243164,
SM1,SM1,Northwestern Forested Mountains,29,0.0861540310873163,0.1881329784098656,
SM1,SM1,Northwestern Forested Mountains,30,0.0823046250313166,0.2096945195150471,
SM1,SM1,Marine West Coast Forest,0,-0.0111146674076604,0.8573562359420277,
SM1,SM1,Marine West Coast Forest,1,-0.030600819361563,0.6212964497016403,
SM1,SM1,Marine West Coast Forest,2,-0.031950177292054,0.6066805789176344,
SM1,SM1,Marine West Coast Forest,3,0.030838571815454,0.6199374455539811,
SM1,SM1,Marine West Coast Forest,4,0.0077058482254172,0.901587485989546,
SM1,SM1,Marine West Coast Forest,5,-0.0275459966461473,0.6590317944460824,
SM1,SM1,Marine West Coast Forest,6,-0.1082374661143407,0.0827035514665083,
SM1,SM1,Marine West Coast Forest,7,-0.0646717802900019,0.3016997918336381,
SM1,SM1,Marine West Coast Forest,8,-0.0250103297130372,0.6904317247767746,
SM1,SM1,Marine West Coast Forest,9,-0.080973686042931,0.197463935760557,
SM1,SM1,Marine West Coast Forest,10,-0.0260537880882392,0.6794226339313821,
SM1,SM1,Marine West Coast Forest,11,-0.0051588338014403,0.9349246606170474,
SM1,SM1,Marine West Coast Forest,12,0.118284591443687,0.0607979890388029,
SM1,SM1,Marine West Coast Forest,13,-0.0065104412238813,0.9182558192447612,
SM1,SM1,Marine West Coast Forest,14,-0.0686269013172854,0.2797311458574342,
SM1,SM1,Marine West Coast Forest,15,0.0204175737448115,0.7485164422896611,
SM1,SM1,Marine West Coast Forest,16,0.0205509089916982,0.7474261581239874,
SM1,SM1,Marine West Coast Forest,17,-0.0208043154868757,0.7449221324285078,
SM1,SM1,Marine West Coast Forest,18,-0.0521399251410622,0.415546657068425,
SM1,SM1,Marine West Coast Forest,19,-0.000176953490444,0.9978013556611068,
SM1,SM1,Marine West Coast Forest,20,-0.0236317889907474,0.7133981721028086,
SM1,SM1,Marine West Coast Forest,21,-0.0791117637756909,0.219147421683743,
SM1,SM1,Marine West Coast Forest,22,-0.0364810839313057,0.572235545427771,
SM1,SM1,Marine West Coast Forest,23,-0.1035145306117788,0.1089497347366793,
SM1,SM1,Marine West Coast Forest,24,0.0208554162318771,0.7478778270625497,
SM1,SM1,Marine West Coast Forest,25,0.0524487129783051,0.4195846053671801,
SM1,SM1,Marine West Coast Forest,26,-0.0537681804670421,0.4089598594707873,
SM1,SM1,Marine West Coast Forest,27,0.0076662829301695,0.9065441450477978,
SM1,SM1,Marine West Coast Forest,28,-0.0433598850864635,0.5074059385455856,
SM1,SM1,Marine West Coast Forest,29,0.0163937127344013,0.8025969257214826,
SM1,SM1,Marine West Coast Forest,30,-0.0837603617436701,0.2017186346638024,
LAI,LAI,North American Deserts,0,0.0070286768973905,0.9095057586126444,
LAI,LAI,North American Deserts,1,0.0194487615539483,0.753571743032283,
LAI,LAI,North American Deserts,2,-0.0072912923853285,0.9064978168282088,
LAI,LAI,North American Deserts,3,0.0397317782682352,0.5227852288643784,
LAI,LAI,North American Deserts,4,0.0526496181668595,0.3978621007346833,
LAI,LAI,North American Deserts,5,0.0565626705161588,0.3646114832047923,
LAI,LAI,North American Deserts,6,0.1117357257978016,0.0731904860636288,
LAI,LAI,North American Deserts,7,0.1045062381232467,0.0945684586756609,
LAI,LAI,North American Deserts,8,0.0416020542458228,0.5075468348106007,
LAI,LAI,North American Deserts,9,0.0675167901806391,0.2827842612098732,
LAI,LAI,North American Deserts,10,0.0907296783205516,0.1493485763689277,
LAI,LAI,North American Deserts,11,0.0796004748418305,0.207000439999286,
LAI,LAI,North American Deserts,12,0.0460735638286305,0.4665244148054731,
LAI,LAI,North American Deserts,13,0.0603604629102637,0.3409018067773094,
LAI,LAI,North American Deserts,14,0.0820095041520664,0.1962312222197375,
LAI,LAI,North American Deserts,15,0.113963466770307,0.0726350014831353,
LAI,LAI,North American Deserts,16,0.1539594449365963,0.0152329334095906,
LAI,LAI,North American Deserts,17,0.2163682522289503,0.0006173103112121,
LAI,LAI,North American Deserts,18,0.1258502729619546,0.0486464892058194,
LAI,LAI,North American Deserts,19,0.0862226537956246,0.1785598323964711,
LAI,LAI,North American Deserts,20,0.0929746519129813,0.1476195711304426,
LAI,LAI,North American Deserts,21,0.072492602795633,0.2602913584307328,
LAI,LAI,North American Deserts,22,0.0758763289883621,0.2396175715581223,
LAI,LAI,North American Deserts,23,0.0652309591577792,0.3132306408731478,
LAI,LAI,North American Deserts,24,0.0544427854650254,0.4011082797326041,
LAI,LAI,North American Deserts,25,0.0593869765479413,0.3606674186025613,
LAI,LAI,North American Deserts,26,0.062643117731177,0.3359148037405959,
LAI,LAI,North American Deserts,27,0.0534247168079847,0.4129578916233339,
LAI,LAI,North American Deserts,28,0.0870153879863238,0.1827989545888298,
LAI,LAI,North American Deserts,29,0.0626360416840041,0.3390664426366599,
LAI,LAI,North American Deserts,30,0.0977009475776711,0.1361976982131567,
LAI,LAI,Mediterranean California,0,-0.1350494687893353,0.0282395656304269,
LAI,LAI,Mediterranean California,1,-0.0995790048630149,0.107132882561414,
LAI,LAI,Mediterranean California,2,-0.0477788998572434,0.4412339745151172,
LAI,LAI,Mediterranean California,3,-0.0287801783195307,0.6434918405328878,
LAI,LAI,Mediterranean California,4,-0.0043594181525216,0.9442293667098184,
LAI,LAI,Mediterranean California,5,-0.0514881096276445,0.409279550647731,
LAI,LAI,Mediterranean California,6,-0.0734995243184547,0.2394205403177094,
LAI,LAI,Mediterranean California,7,0.0223629366120713,0.7212399208223494,
LAI,LAI,Mediterranean California,8,0.0134062428473334,0.8309683760638429,
LAI,LAI,Mediterranean California,9,-0.0275409622510421,0.6615920146819725,
LAI,LAI,Mediterranean California,10,-0.0270184373895834,0.668245380177781,
LAI,LAI,Mediterranean California,11,-0.0184853375541496,0.7698307570589475,
LAI,LAI,Mediterranean California,12,-0.002130383041521,0.9731557049001616,
LAI,LAI,Mediterranean California,13,0.0262697780307342,0.6787381749829995,
LAI,LAI,Mediterranean California,14,0.0648344453511256,0.3072260944001429,
LAI,LAI,Mediterranean California,15,0.0592475709288768,0.3518407142594466,
LAI,LAI,Mediterranean California,16,0.0855347732840726,0.1793821873544863,
LAI,LAI,Mediterranean California,17,0.1532003236318114,0.0159629706684875,
LAI,LAI,Mediterranean California,18,0.1074472565761764,0.0926595423845991,
LAI,LAI,Mediterranean California,19,0.0872034859525577,0.1736517534994779,
LAI,LAI,Mediterranean California,20,0.0586041824137062,0.3620269830845719,
LAI,LAI,Mediterranean California,21,-0.018235007802817,0.7773198318278464,
LAI,LAI,Mediterranean California,22,-0.0413731175707788,0.521810789436154,
LAI,LAI,Mediterranean California,23,-0.0605534789616268,0.3492656662866126,
LAI,LAI,Mediterranean California,24,-0.0734474556849945,0.2570320009025937,
LAI,LAI,Mediterranean California,25,-0.0817191730248584,0.2080914532814332,
LAI,LAI,Mediterranean California,26,-0.0961577576319442,0.1391218839038183,
LAI,LAI,Mediterranean California,27,-0.0738697109395141,0.2573211540013175,
LAI,LAI,Mediterranean California,28,0.0215267475247298,0.7421689717052797,
LAI,LAI,Mediterranean California,29,0.0510425624381628,0.4360956495203721,
LAI,LAI,Mediterranean California,30,0.022981158493897,0.7265580128061382,
LAI,LAI,Northwestern Forested Mountains,0,0.0096602730077154,0.8758598546883305,
LAI,LAI,Northwestern Forested Mountains,1,-0.0268211239026552,0.6650354173571871,
LAI,LAI,Northwestern Forested Mountains,2,-0.0035106963976578,0.9549004402732092,
LAI,LAI,Northwestern Forested Mountains,3,0.0596189280579909,0.3373553369287533,
LAI,LAI,Northwestern Forested Mountains,4,0.04450361691741,0.4749207137659528,
LAI,LAI,Northwestern Forested Mountains,5,0.0633591424289098,0.3097447915232871,
LAI,LAI,Northwestern Forested Mountains,6,0.093187115266565,0.1354925324076663,
LAI,LAI,Northwestern Forested Mountains,7,0.1248402293910053,0.0455636176358411,
LAI,LAI,Northwestern Forested Mountains,8,0.0505478942549782,0.4206331284255151,
LAI,LAI,Northwestern Forested Mountains,9,0.0220465203798054,0.7260628186803738,
LAI,LAI,Northwestern Forested Mountains,10,0.0464447930988398,0.4611497347448664,
LAI,LAI,Northwestern Forested Mountains,11,0.019526462354261,0.757261549434682,
LAI,LAI,Northwestern Forested Mountains,12,0.0030399763640712,0.9617016457047258,
LAI,LAI,Northwestern Forested Mountains,13,0.018636311895276,0.7689058022242102,
LAI,LAI,Northwestern Forested Mountains,14,0.0664557192915086,0.2952616138274866,
LAI,LAI,Northwestern Forested Mountains,15,0.0716105713175281,0.2602688872248577,
LAI,LAI,Northwestern Forested Mountains,16,-0.0082584484470466,0.8970416682231959,
LAI,LAI,Northwestern Forested Mountains,17,0.0095791512309794,0.8809319152498345,
LAI,LAI,Northwestern Forested Mountains,18,0.0490525429091356,0.4437347629867899,
LAI,LAI,Northwestern Forested Mountains,19,0.0660756105720977,0.3029706473945812,
LAI,LAI,Northwestern Forested Mountains,20,0.0972206733330855,0.1299176139154218,
LAI,LAI,Northwestern Forested Mountains,21,0.0421444114936414,0.5131959084413606,
LAI,LAI,Northwestern Forested Mountains,22,0.00739487587218,0.9088864562454184,
LAI,LAI,Northwestern Forested Mountains,23,-0.0088431466684955,0.8913695271119109,
LAI,LAI,Northwestern Forested Mountains,24,-0.0396821125366759,0.5406805857858248,
LAI,LAI,Northwestern Forested Mountains,25,-0.0614930909602334,0.3438568271849358,
LAI,LAI,Northwestern Forested Mountains,26,-0.0609527429424182,0.3491428048612248,
LAI,LAI,Northwestern Forested Mountains,27,-0.0885832556579808,0.174087912791812,
LAI,LAI,Northwestern Forested Mountains,28,-0.0311977614154573,0.6334757088945555,
LAI,LAI,Northwestern Forested Mountains,29,-0.0844776091800974,0.1969049396037502,
LAI,LAI,Northwestern Forested Mountains,30,-0.0753449515206432,0.2509616708556342,
LAI,LAI,Marine West Coast Forest,0,-0.0503537490829179,0.4151946394784107,
LAI,LAI,Marine West Coast Forest,1,-0.0519841014986079,0.401136814952123,
LAI,LAI,Marine West Coast Forest,2,-0.0085679297756367,0.8902218651959587,
LAI,LAI,Marine West Coast Forest,3,-0.030027993557547,0.6291685138411272,
LAI,LAI,Marine West Coast Forest,4,-0.0438954345181161,0.4809832721597563,
LAI,LAI,Marine West Coast Forest,5,-0.0730622010714841,0.2413159234149912,
LAI,LAI,Marine West Coast Forest,6,-0.0351215552258007,0.5744092466119095,
LAI,LAI,Marine West Coast Forest,7,0.0131115137383496,0.834309356295176,
LAI,LAI,Marine West Coast Forest,8,-0.0328821168078045,0.6005005673504448,
LAI,LAI,Marine West Coast Forest,9,0.0432850524898861,0.4913687023833979,
LAI,LAI,Marine West Coast Forest,10,-0.0389685556279577,0.5364249658191101,
LAI,LAI,Marine West Coast Forest,11,-0.029747650424084,0.6376932357334724,
LAI,LAI,Marine West Coast Forest,12,-0.0939908325769396,0.1367677754508734,
LAI,LAI,Marine West Coast Forest,13,-0.0382263634899162,0.5466304976152061,
LAI,LAI,Marine West Coast Forest,14,-0.0335771585081662,0.597228758447721,
LAI,LAI,Marine West Coast Forest,15,-0.0701804582412644,0.2699327178759042,
LAI,LAI,Marine West Coast Forest,16,-0.0587632058984076,0.3567762364116189,
LAI,LAI,Marine West Coast Forest,17,-0.0450463663044004,0.4809808366325895,
LAI,LAI,Marine West Coast Forest,18,-0.0385630674217398,0.5471864668908017,
LAI,LAI,Marine West Coast Forest,19,0.0012100014138233,0.9849666166241512,
LAI,LAI,Marine West Coast Forest,20,-0.0044569816114366,0.9447801834637408,
LAI,LAI,Marine West Coast Forest,21,-0.0401302020579003,0.5335518698483204,
LAI,LAI,Marine West Coast Forest,22,-0.0381469082007702,0.5548091719064473,
LAI,LAI,Marine West Coast Forest,23,-0.045289812885227,0.4840580236923923,
LAI,LAI,Marine West Coast Forest,24,-0.0305880309657978,0.637280795903882,
LAI,LAI,Marine West Coast Forest,25,-0.0937547442793798,0.1484581913671324,
LAI,LAI,Marine West Coast Forest,26,-0.064088242566226,0.324863654230194,
LAI,LAI,Marine West Coast Forest,27,-0.0511616557977501,0.4330559454014026,
LAI,LAI,Marine West Coast Forest,28,-0.0024028736656624,0.970710093170237,
LAI,LAI,Marine West Coast Forest,29,-0.0766808532360129,0.2416180373125961,
LAI,LAI,Marine West Coast Forest,30,0.0263000069278002,0.6889889011107985,
EVI,EVI,North American Deserts,0,0.0139151758636657,0.82195369711776,
EVI,EVI,North American Deserts,1,0.0070293390468701,0.9096697377398072,
EVI,EVI,North American Deserts,2,0.0149071982454191,0.8102111196915875,
EVI,EVI,North American Deserts,3,0.0202819905373208,0.7443287327764732,
EVI,EVI,North American Deserts,4,0.0487223866534211,0.4340358226390122,
EVI,EVI,North American Deserts,5,0.0460108715922669,0.4609497876667249,
EVI,EVI,North American Deserts,6,0.120941901866705,0.0523420666979895,
EVI,EVI,North American Deserts,7,0.1251604775585919,0.0450076105635284,
EVI,EVI,North American Deserts,8,0.1019254978255893,0.1037228329977457,
EVI,EVI,North American Deserts,9,0.1052454840203798,0.0935348263684349,
EVI,EVI,North American Deserts,10,0.0931308778218579,0.1388306531327592,
EVI,EVI,North American Deserts,11,0.0609713805537153,0.3340913899137127,
EVI,EVI,North American Deserts,12,0.0339728981682905,0.5914218119930786,
EVI,EVI,North American Deserts,13,0.048255738948966,0.44657217674822,
EVI,EVI,North American Deserts,14,0.0646716267460279,0.308445030722998,
EVI,EVI,North American Deserts,15,0.0973898173338515,0.1253501878355736,
EVI,EVI,North American Deserts,16,0.1598293395601473,0.0117187279523833,
EVI,EVI,North American Deserts,17,0.223733583489681,0.0003949480253403,
EVI,EVI,North American Deserts,18,0.1456107435568282,0.0223496904527523,
EVI,EVI,North American Deserts,19,0.1360459897673584,0.0332979524422065,
EVI,EVI,North American Deserts,20,0.1192396813005712,0.0629337894845366,
EVI,EVI,North American Deserts,21,0.1149272155233406,0.0737388797834369,
EVI,EVI,North American Deserts,22,0.0913104387265081,0.1567572449274216,
EVI,EVI,North American Deserts,23,0.0760836391070265,0.2393147961307644,
EVI,EVI,North American Deserts,24,0.0426734839146512,0.5105747068445616,
EVI,EVI,North American Deserts,25,0.0561179283428852,0.3877557067518324,
EVI,EVI,North American Deserts,26,0.0600715049008852,0.3561674831050927,
EVI,EVI,North American Deserts,27,0.0508501619914217,0.435865651025993,
EVI,EVI,North American Deserts,28,0.0755093190667695,0.2478908601171973,
EVI,EVI,North American Deserts,29,0.0374869390736682,0.5674570049205201,
EVI,EVI,North American Deserts,30,0.0922135667273097,0.1597122388125127,
EVI,EVI,Mediterranean California,0,-0.1506583881718396,0.0142739196447959,
EVI,EVI,Mediterranean California,1,-0.0916327381439272,0.1383204400948258,
EVI,EVI,Mediterranean California,2,-0.0405159652780349,0.5137945656218522,
EVI,EVI,Mediterranean California,3,-0.0343086237268916,0.5811026383130857,
EVI,EVI,Mediterranean California,4,-0.0324597428045703,0.6023576944371596,
EVI,EVI,Mediterranean California,5,-0.0890254936766564,0.1531083718884711,
EVI,EVI,Mediterranean California,6,-0.1129473773578379,0.0701108216450991,
EVI,EVI,Mediterranean California,7,-0.0748850499954755,0.231568959827606,
EVI,EVI,Mediterranean California,8,-0.0312550068665598,0.6186571307664519,
EVI,EVI,Mediterranean California,9,-0.0423930349698934,0.5003497279505293,
EVI,EVI,Mediterranean California,10,-0.0526026725152729,0.403835016054762,
EVI,EVI,Mediterranean California,11,-0.0353485952595846,0.5757219466930015,
EVI,EVI,Mediterranean California,12,-0.0100940113065524,0.873318385926827,
EVI,EVI,Mediterranean California,13,0.0301771959779927,0.6342035791009015,
EVI,EVI,Mediterranean California,14,0.0568056448903182,0.3711093520368946,
EVI,EVI,Mediterranean California,15,0.0584034201321414,0.3587566376460607,
EVI,EVI,Mediterranean California,16,0.0508197082439723,0.4255780173875911,
EVI,EVI,Mediterranean California,17,0.0630922764758534,0.323384171559359,
EVI,EVI,Mediterranean California,18,0.0939170493911003,0.1418932396261408,
EVI,EVI,Mediterranean California,19,0.0354503096720495,0.5807969362796452,
EVI,EVI,Mediterranean California,20,0.013280795013816,0.8364812282457077,
EVI,EVI,Mediterranean California,21,-0.0262310135633533,0.6841088616838196,
EVI,EVI,Mediterranean California,22,-0.0821818926936492,0.2026680294983457,
EVI,EVI,Mediterranean California,23,-0.086797434930215,0.1792755939102721,
EVI,EVI,Mediterranean California,24,-0.0664924738276706,0.3049600633912207,
EVI,EVI,Mediterranean California,25,-0.0822553707675538,0.2051128873030927,
EVI,EVI,Mediterranean California,26,-0.0694571351129297,0.2858903773954896,
EVI,EVI,Mediterranean California,27,-0.0672566387636367,0.3024955749649409,
EVI,EVI,Mediterranean California,28,-0.0226305194301286,0.7294516644577579,
EVI,EVI,Mediterranean California,29,0.0098828446466383,0.880214753201787,
EVI,EVI,Mediterranean California,30,-0.0036165764044496,0.9561170309093594,
EVI,EVI,Northwestern Forested Mountains,0,0.0002308760899764,0.9970211114121774,
EVI,EVI,Northwestern Forested Mountains,1,-0.0378506423770986,0.5411138858146014,
EVI,EVI,Northwestern Forested Mountains,2,-0.0311158529811227,0.6161126597856803,
EVI,EVI,Northwestern Forested Mountains,3,-0.000379317094242,0.9951340182039948,
EVI,EVI,Northwestern Forested Mountains,4,-0.0106312451140037,0.8645363189618427,
EVI,EVI,Northwestern Forested Mountains,5,0.0196455335990219,0.7530152447072377,
EVI,EVI,Northwestern Forested Mountains,6,0.0471038278476519,0.4512432904057343,
EVI,EVI,Northwestern Forested Mountains,7,0.0948542552710161,0.129358040583945,
EVI,EVI,Northwestern Forested Mountains,8,0.0327627889677271,0.6018239567151348,
EVI,EVI,Northwestern Forested Mountains,9,0.0079608615099583,0.8993344098228586,
EVI,EVI,Northwestern Forested Mountains,10,0.0102708214716592,0.8706075137660276,
EVI,EVI,Northwestern Forested Mountains,11,-0.0086439293902491,0.891179539686374,
EVI,EVI,Northwestern Forested Mountains,12,0.0290604943298516,0.6461447677997978,
EVI,EVI,Northwestern Forested Mountains,13,0.0473291595522671,0.4553590629013582,
EVI,EVI,Northwestern Forested Mountains,14,0.0654780396486343,0.3024389190896328,
EVI,EVI,Northwestern Forested Mountains,15,0.0425713175281772,0.5036950589953387,
EVI,EVI,Northwestern Forested Mountains,16,0.0293667814787948,0.6453501313835959,
EVI,EVI,Northwestern Forested Mountains,17,0.0204682786673759,0.7489031169717795,
EVI,EVI,Northwestern Forested Mountains,18,-0.005187587032443,0.9354815076934526,
EVI,EVI,Northwestern Forested Mountains,19,0.0430358468857355,0.5025497157443258,
EVI,EVI,Northwestern Forested Mountains,20,0.0474703542619233,0.4604420364793062,
EVI,EVI,Northwestern Forested Mountains,21,0.0332075515880781,0.6064639639171654,
EVI,EVI,Northwestern Forested Mountains,22,0.0603067431937041,0.3502286327499633,
EVI,EVI,Northwestern Forested Mountains,23,0.034223792051027,0.5970213796482258,
EVI,EVI,Northwestern Forested Mountains,24,0.0047474782548308,0.941675575980408,
EVI,EVI,Northwestern Forested Mountains,25,0.0359815055729404,0.5799049777236243,
EVI,EVI,Northwestern Forested Mountains,26,0.0022622893763193,0.9723052477613694,
EVI,EVI,Northwestern Forested Mountains,27,-0.0896650013792258,0.1688681270403951,
EVI,EVI,Northwestern Forested Mountains,28,-0.0729986716392701,0.2640099542541215,
EVI,EVI,Northwestern Forested Mountains,29,-0.118086493384005,0.0707768975964925,
EVI,EVI,Northwestern Forested Mountains,30,-0.1565158550091433,0.0165661597423159,0.0665661597423159
EVI,EVI,Marine West Coast Forest,0,-0.0703575309634952,0.254635496192548,
EVI,EVI,Marine West Coast Forest,1,-0.0826783149927275,0.1813140784626593,
EVI,EVI,Marine West Coast Forest,2,-0.0569474541112687,0.3585597580171812,
EVI,EVI,Marine West Coast Forest,3,-0.0893757413085001,0.1499065054364683,
EVI,EVI,Marine West Coast Forest,4,-0.0814251981331787,0.1906055338079592,
EVI,EVI,Marine West Coast Forest,5,-0.0690825758967275,0.2679805750393066,
EVI,EVI,Marine West Coast Forest,6,-0.0404282901396567,0.5179648979199432,
EVI,EVI,Marine West Coast Forest,7,-0.0011764377210693,0.9850263398920316,
EVI,EVI,Marine West Coast Forest,8,-0.0231834058094576,0.7120018851785124,
EVI,EVI,Marine West Coast Forest,9,0.0026517957556481,0.9663888395769002,
EVI,EVI,Marine West Coast Forest,10,0.0277658311406864,0.6596352715351972,
EVI,EVI,Marine West Coast Forest,11,-0.0412929917519775,0.5132202432031345,
EVI,EVI,Marine West Coast Forest,12,-0.0541472609683334,0.3920443698115468,
EVI,EVI,Marine West Coast Forest,13,-0.0636615844699209,0.3151019490332605,
EVI,EVI,Marine West Coast Forest,14,-0.0470953204413451,0.4584981953371013,
EVI,EVI,Marine West Coast Forest,15,-0.0438706405145891,0.4907505186257738,
EVI,EVI,Marine West Coast Forest,16,-0.1055425615359018,0.0972521384428669,
EVI,EVI,Marine West Coast Forest,17,-0.1143587704154918,0.0728031948408477,
EVI,EVI,Marine West Coast Forest,18,-0.0474945184296818,0.4583618723450504,
EVI,EVI,Marine West Coast Forest,19,-0.0323894521988008,0.6138996514701631,
EVI,EVI,Marine West Coast Forest,20,-0.0367132871219701,0.5681843923828173,
EVI,EVI,Marine West Coast Forest,21,-0.0377296445049954,0.5583307013544807,
EVI,EVI,Marine West Coast Forest,22,-0.0574341692946589,0.3736943827320843,
EVI,EVI,Marine West Coast Forest,23,-0.0436181828059129,0.5003516248091229,
EVI,EVI,Marine West Coast Forest,24,-0.0401197441015304,0.5362217002438237,
EVI,EVI,Marine West Coast Forest,25,-0.0625737699447359,0.3354272819910801,
EVI,EVI,Marine West Coast Forest,26,-0.087129960915246,0.1803598838748537,
EVI,EVI,Marine West Coast Forest,27,-0.0800241542513603,0.2196677293356048,
EVI,EVI,Marine West Coast Forest,28,-0.0213705891721995,0.7439739316003326,
EVI,EVI,Marine West Coast Forest,29,-0.0426957899018019,0.5148392020812429,
EVI,EVI,Marine West Coast Forest,30,-0.0824654619657285,0.2088023188928456,
SPEI,SPEI3,North American Deserts,0,-0.0562416866721808,,
SPEI,SPEI3,North American Deserts,1,-0.1083707839278693,,
SPEI,SPEI3,North American Deserts,2,-0.0104585739051835,,
SPEI,SPEI3,North American Deserts,3,0.051277142713615,,
SPEI,SPEI3,North American Deserts,4,0.047460096118009,,
SPEI,SPEI3,North American Deserts,5,-0.0060010667380767,,
SPEI,SPEI3,North American Deserts,6,-0.0512517367962874,,
SPEI,SPEI3,North American Deserts,7,-0.0181321575730384,,
SPEI,SPEI3,North American Deserts,8,-0.0289611383288698,,
SPEI,SPEI3,North American Deserts,9,-0.0302262159298571,,
SPEI,SPEI3,North American Deserts,10,-0.1117212847013873,,
SPEI,SPEI3,North American Deserts,11,-0.0606301423279115,,
SPEI,SPEI3,North American Deserts,12,-0.0887226810320787,,
SPEI,SPEI3,North American Deserts,13,0.0816079154153055,,
SPEI,SPEI3,North American Deserts,14,0.1053168723945459,,
SPEI,SPEI3,North American Deserts,15,0.0830838670461159,,
SPEI,SPEI3,North American Deserts,16,0.0797357123581628,,
SPEI,SPEI3,North American Deserts,17,0.0638377130136907,,
SPEI,SPEI3,North American Deserts,18,0.1057117718581857,,
SPEI,SPEI3,North American Deserts,19,0.1024799311813368,,
SPEI,SPEI3,North American Deserts,20,0.1340774744825033,,
SPEI,SPEI3,North American Deserts,21,0.0552809131910922,,
SPEI,SPEI3,North American Deserts,22,0.0081993534675127,,
SPEI,SPEI3,North American Deserts,23,-0.0640156076834107,,
SPEI,SPEI3,North American Deserts,24,0.0188552735760254,,
SPEI,SPEI3,North American Deserts,25,0.059254266198617,,
SPEI,SPEI3,North American Deserts,26,0.060320296926442,,
SPEI,SPEI3,North American Deserts,27,0.0572005114637522,,
SPEI,SPEI3,North American Deserts,28,0.0480734422824738,,
SPEI,SPEI3,North American Deserts,29,0.0601354018878171,,
SPEI,SPEI3,North American Deserts,30,0.0158950123190719,,
SPEI,SPEI3,Mediterranean California,0,-0.1794871595506159,,
SPEI,SPEI3,Mediterranean California,1,-0.0762905171849367,,
SPEI,SPEI3,Mediterranean California,2,-0.0401554906164035,,
SPEI,SPEI3,Mediterranean California,3,0.0195736543631969,,
SPEI,SPEI3,Mediterranean California,4,0.0421337419788063,,
SPEI,SPEI3,Mediterranean California,5,-0.012038735000802,,
SPEI,SPEI3,Mediterranean California,6,-0.0648163267749459,,
SPEI,SPEI3,Mediterranean California,7,-0.1017990851142214,,
SPEI,SPEI3,Mediterranean California,8,-0.009747101680774,,
SPEI,SPEI3,Mediterranean California,9,0.0176996032712939,,
SPEI,SPEI3,Mediterranean California,10,-0.0601750052850791,,
SPEI,SPEI3,Mediterranean California,11,-0.0353473047195871,,
SPEI,SPEI3,Mediterranean California,12,-0.0149420560950876,,
SPEI,SPEI3,Mediterranean California,13,0.0441781502930694,,
SPEI,SPEI3,Mediterranean California,14,0.1348575471757002,,
SPEI,SPEI3,Mediterranean California,15,0.0936561975363258,,
SPEI,SPEI3,Mediterranean California,16,0.1741669451949976,,
SPEI,SPEI3,Mediterranean California,17,0.210397526443139,,
SPEI,SPEI3,Mediterranean California,18,0.2195437029303236,,
SPEI,SPEI3,Mediterranean California,19,0.1639957364994727,,
SPEI,SPEI3,Mediterranean California,20,0.0737737990666997,,
SPEI,SPEI3,Mediterranean California,21,0.0779916371095933,,
SPEI,SPEI3,Mediterranean California,22,0.0500493470100252,,
SPEI,SPEI3,Mediterranean California,23,-0.0174234707828923,,
SPEI,SPEI3,Mediterranean California,24,-0.0557683779758022,,
SPEI,SPEI3,Mediterranean California,25,-0.0081553820221669,,
SPEI,SPEI3,Mediterranean California,26,-0.0072368052587399,,
SPEI,SPEI3,Mediterranean California,27,0.0439551811546904,,
SPEI,SPEI3,Mediterranean California,28,0.0009479908844144,,
SPEI,SPEI3,Mediterranean California,29,0.0403719945281769,,
SPEI,SPEI3,Mediterranean California,30,-0.0300281485241038,,
SPEI,SPEI3,Northwestern Forested Mountains,0,-0.1642726099102857,,
SPEI,SPEI3,Northwestern Forested Mountains,1,-0.1619811917282656,,
SPEI,SPEI3,Northwestern Forested Mountains,2,-0.1649711852715597,,
SPEI,SPEI3,Northwestern Forested Mountains,3,-0.1304058207472563,,
SPEI,SPEI3,Northwestern Forested Mountains,4,-0.1066830622214804,,
SPEI,SPEI3,Northwestern Forested Mountains,5,-0.1214535616672041,,
SPEI,SPEI3,Northwestern Forested Mountains,6,-0.1238690606851691,,
SPEI,SPEI3,Northwestern Forested Mountains,7,-0.1157758382159992,,
SPEI,SPEI3,Northwestern Forested Mountains,8,-0.1316591382047474,,
SPEI,SPEI3,Northwestern Forested Mountains,9,-0.1511672209890291,,
SPEI,SPEI3,Northwestern Forested Mountains,10,-0.1794830157308709,,
SPEI,SPEI3,Northwestern Forested Mountains,11,-0.1026369398090757,,
SPEI,SPEI3,Northwestern Forested Mountains,12,0.0183946108733321,,
SPEI,SPEI3,Northwestern Forested Mountains,13,-0.0133162280776613,,
SPEI,SPEI3,Northwestern Forested Mountains,14,0.0551538936637677,,
SPEI,SPEI3,Northwestern Forested Mountains,15,0.0421698755347389,,
SPEI,SPEI3,Northwestern Forested Mountains,16,0.005955233130975,,
SPEI,SPEI3,Northwestern Forested Mountains,17,0.0467359743181011,,
SPEI,SPEI3,Northwestern Forested Mountains,18,0.0458113294714816,,
SPEI,SPEI3,Northwestern Forested Mountains,19,0.0241340663624745,,
SPEI,SPEI3,Northwestern Forested Mountains,20,-0.0446271658292572,,
SPEI,SPEI3,Northwestern Forested Mountains,21,-0.0753899960687028,,
SPEI,SPEI3,Northwestern Forested Mountains,22,-0.0347484530795019,,
SPEI,SPEI3,Northwestern Forested Mountains,23,-0.0264312806500672,,
SPEI,SPEI3,Northwestern Forested Mountains,24,-0.0283815447903866,,
SPEI,SPEI3,Northwestern Forested Mountains,25,0.0378634889396176,,
SPEI,SPEI3,Northwestern Forested Mountains,26,0.071276681110371,,
SPEI,SPEI3,Northwestern Forested Mountains,27,0.0953332832558456,,
SPEI,SPEI3,Northwestern Forested Mountains,28,0.1576977928007895,,
SPEI,SPEI3,Northwestern Forested Mountains,29,0.1356038387755089,,
SPEI,SPEI3,Northwestern Forested Mountains,30,0.0935154128389824,,
SPEI,SPEI3,Marine West Coast Forest,0,-0.0614111786863657,,
SPEI,SPEI3,Marine West Coast Forest,1,-0.0079038970256494,,
SPEI,SPEI3,Marine West Coast Forest,2,0.0091226867378105,,
SPEI,SPEI3,Marine West Coast Forest,3,0.0135461522735447,,
SPEI,SPEI3,Marine West Coast Forest,4,-0.041977593816351,,
SPEI,SPEI3,Marine West Coast Forest,5,-0.0664827386341074,,
SPEI,SPEI3,Marine West Coast Forest,6,-0.0504312238105117,,
SPEI,SPEI3,Marine West Coast Forest,7,-0.0068850868169007,,
SPEI,SPEI3,Marine West Coast Forest,8,0.0133710182028838,,
SPEI,SPEI3,Marine West Coast Forest,9,-0.0878816685058135,,
SPEI,SPEI3,Marine West Coast Forest,10,-0.1225102906994111,,
SPEI,SPEI3,Marine West Coast Forest,11,-0.0162811908456879,,
SPEI,SPEI3,Marine West Coast Forest,12,-0.0447633260692645,,
SPEI,SPEI3,Marine West Coast Forest,13,0.0812631239163852,,
SPEI,SPEI3,Marine West Coast Forest,14,0.0311018459458115,,
SPEI,SPEI3,Marine West Coast Forest,15,0.0481518490429944,,
SPEI,SPEI3,Marine West Coast Forest,16,0.1022270243866933,,
SPEI,SPEI3,Marine West Coast Forest,17,0.1154152314328458,,
SPEI,SPEI3,Marine West Coast Forest,18,0.0854350651111459,,
SPEI,SPEI3,Marine West Coast Forest,19,0.0241301014601586,,
SPEI,SPEI3,Marine West Coast Forest,20,-0.0384756589325558,,
SPEI,SPEI3,Marine West Coast Forest,21,0.0250883136257968,,
SPEI,SPEI3,Marine West Coast Forest,22,-0.0065504653671202,,
SPEI,SPEI3,Marine West Coast Forest,23,-0.0166154501079845,,
SPEI,SPEI3,Marine West Coast Forest,24,-0.048706288179119,,
SPEI,SPEI3,Marine West Coast Forest,25,-0.0256598975694071,,
SPEI,SPEI3,Marine West Coast Forest,26,-0.0016719090722879,,
SPEI,SPEI3,Marine West Coast Forest,27,0.0333851860224192,,
SPEI,SPEI3,Marine West Coast Forest,28,-0.0271247929915894,,
SPEI,SPEI3,Marine West Coast Forest,29,-0.0118035506957985,,
SPEI,SPEI3,Marine West Coast Forest,30,-0.1245967575105792,,
