Category,Variable,Fire,Months_Before_Fire,Mean_Value
LAI,LAI,PALISADES,0,0.1673181481
LAI,LAI,PALISADES,-1,0.36293394965
LAI,LAI,PALISADES,-2,0.6217591809
LAI,LAI,PALISADES,-3,0.8509755347666667
LAI,LAI,PALISADES,-4,1.0476309997666666
LAI,LAI,PALISADES,-5,1.0118324775999998
LAI,LAI,PALISADES,-6,1.1879723855666666
LAI,LAI,PALISADES,-7,1.3979439798333333
LAI,LAI,PALISADES,-8,1.3615847600000002
LAI,LAI,PALISADES,-9,1.1867103764666669
LAI,LAI,PALISADES,-10,0.8018503373
LAI,LAI,PALISADES,-11,0.4740795111333333
LAI,LAI,PALISADES,-12,0.3817946577666666
LAI,LAI,PALISADES,-13,0.4939394562666666
LAI,LAI,PALISADES,-14,0.8536243477
LAI,LAI,PALISADES,-15,1.3689019519
LAI,LAI,PALISADES,-16,1.5855474298333334
LAI,LAI,PALISADES,-17,1.6595261208666667
LAI,LAI,PALISADES,-18,1.3846032431666666
LAI,LAI,PALISADES,-19,1.2552385241333337
LAI,LAI,PALISADES,-20,0.7019125765333333
LAI,LAI,PALISADES,-21,1.0270961083333334
LAI,LAI,PALISADES,-22,0.7861367423666668
LAI,LAI,PALISADES,-23,1.3410428378333334
LAI,LAI,PALISADES,-24,0.6038010377666668
LAI,LAI,PALISADES,-25,0.4593343939333335
LAI,LAI,PALISADES,-26,-0.0792604978333331
LAI,LAI,PALISADES,-27,-0.2462886299333332
LAI,LAI,PALISADES,-28,-0.3393187365999998
LAI,LAI,PALISADES,-29,-0.2692912940333332
LAI,LAI,PALISADES,-30,-0.3568075810666665
LAI,LAI,EATON,0,-0.1323619847
LAI,LAI,EATON,-1,0.3046361374999999
LAI,LAI,EATON,-2,0.2592577906
LAI,LAI,EATON,-3,0.0592504611
LAI,LAI,EATON,-4,-0.2254925871666666
LAI,LAI,EATON,-5,-0.4682125895666667
LAI,LAI,EATON,-6,-0.4406319265333334
LAI,LAI,EATON,-7,-0.383671381
LAI,LAI,EATON,-8,-0.5676382495666666
LAI,LAI,EATON,-9,-0.3452114085
LAI,LAI,EATON,-10,-0.1514306159333333
LAI,LAI,EATON,-11,-0.0371934458333333
LAI,LAI,EATON,-12,-0.1175792090666666
LAI,LAI,EATON,-13,-0.1816239047
LAI,LAI,EATON,-14,0.0644204539666666
LAI,LAI,EATON,-15,0.2543729320333333
LAI,LAI,EATON,-16,0.2863676505666666
LAI,LAI,EATON,-17,0.1312059752333333
LAI,LAI,EATON,-18,-0.2579912639333333
LAI,LAI,EATON,-19,-0.8557564919999999
LAI,LAI,EATON,-20,-1.1771182968333334
LAI,LAI,EATON,-21,-1.4732158783333336
LAI,LAI,EATON,-22,-1.9606054059
LAI,LAI,EATON,-23,-2.0749398311
LAI,LAI,EATON,-24,-2.055064424633333
LAI,LAI,EATON,-25,-1.3976597151
LAI,LAI,EATON,-26,-1.0645256221333332
LAI,LAI,EATON,-27,-1.2701140683333332
LAI,LAI,EATON,-28,-1.5092378422666666
LAI,LAI,EATON,-29,-1.6591190075666666
LAI,LAI,EATON,-30,-1.5612008016666667
EVI,EVI,PALISADES,0,0.0369023023
EVI,EVI,PALISADES,-1,0.1516335343
EVI,EVI,PALISADES,-2,0.2614647075333333
EVI,EVI,PALISADES,-3,0.6253143213
EVI,EVI,PALISADES,-4,1.0701667665333334
EVI,EVI,PALISADES,-5,1.3868685005333334
EVI,EVI,PALISADES,-6,1.5428098344666663
EVI,EVI,PALISADES,-7,1.4136467143999998
EVI,EVI,PALISADES,-8,1.6434027769999997
EVI,EVI,PALISADES,-9,1.6541343107333333
EVI,EVI,PALISADES,-10,1.7520139975666666
EVI,EVI,PALISADES,-11,1.6796672617333333
EVI,EVI,PALISADES,-12,1.2745316154
EVI,EVI,PALISADES,-13,1.010799112033333
EVI,EVI,PALISADES,-14,0.8256396588999998
EVI,EVI,PALISADES,-15,1.321072049833333
EVI,EVI,PALISADES,-16,1.6443038208666667
EVI,EVI,PALISADES,-17,1.5748525742999997
EVI,EVI,PALISADES,-18,1.4964617576666666
EVI,EVI,PALISADES,-19,1.3842564857
EVI,EVI,PALISADES,-20,1.5057860431
EVI,EVI,PALISADES,-21,1.3409051391
EVI,EVI,PALISADES,-22,1.0874992058999997
EVI,EVI,PALISADES,-23,0.6925180202333331
EVI,EVI,PALISADES,-24,0.6357927527999998
EVI,EVI,PALISADES,-25,0.3694381105666665
EVI,EVI,PALISADES,-26,0.1336480912666665
EVI,EVI,PALISADES,-27,-0.2557142253000001
EVI,EVI,PALISADES,-28,-0.2309304568666668
EVI,EVI,PALISADES,-29,-0.1734458828333334
EVI,EVI,PALISADES,-30,-0.2000418631333335
EVI,EVI,EATON,0,0.3800805182
EVI,EVI,EATON,-1,0.01492566565
EVI,EVI,EATON,-2,-0.0708426281333333
EVI,EVI,EATON,-3,-0.0016049103
EVI,EVI,EATON,-4,0.2878264986999999
EVI,EVI,EATON,-5,0.6212513308
EVI,EVI,EATON,-6,0.6546523460333332
EVI,EVI,EATON,-7,1.0513861685666666
EVI,EVI,EATON,-8,1.2450138741666663
EVI,EVI,EATON,-9,1.2453537375
EVI,EVI,EATON,-10,1.0566351692333331
EVI,EVI,EATON,-11,1.2955024636
EVI,EVI,EATON,-12,1.4657362416333335
EVI,EVI,EATON,-13,1.2902157003333332
EVI,EVI,EATON,-14,0.9636258979
EVI,EVI,EATON,-15,1.0647352459
EVI,EVI,EATON,-16,1.6652926746666663
EVI,EVI,EATON,-17,1.4520850636
EVI,EVI,EATON,-18,1.0062976302
EVI,EVI,EATON,-19,0.5502576523
EVI,EVI,EATON,-20,0.4815674920666666
EVI,EVI,EATON,-21,0.192192727
EVI,EVI,EATON,-22,-0.9709518413333332
EVI,EVI,EATON,-23,-1.408903536233333
EVI,EVI,EATON,-24,-1.1176595227
EVI,EVI,EATON,-25,-0.5165734176
EVI,EVI,EATON,-26,-0.2211943998999999
EVI,EVI,EATON,-27,-0.3721314919
EVI,EVI,EATON,-28,-0.361539084
EVI,EVI,EATON,-29,-0.6247066082
EVI,EVI,EATON,-30,-0.8359128017666667
DFMC,Foliage,PALISADES,0,-1.3723210187
DFMC,Foliage,PALISADES,-1,-1.05200567645
DFMC,Foliage,PALISADES,-2,-1.2813705531333333
DFMC,Foliage,PALISADES,-3,-1.4087885522666668
DFMC,Foliage,PALISADES,-4,-1.3555690378666665
DFMC,Foliage,PALISADES,-5,-0.7705183269333333
DFMC,Foliage,PALISADES,-6,-0.2192871720333333
DFMC,Foliage,PALISADES,-7,0.0023994534666666
DFMC,Foliage,PALISADES,-8,-0.5484791923666666
DFMC,Foliage,PALISADES,-9,0.3182912745000001
DFMC,Foliage,PALISADES,-10,0.6689327972333334
DFMC,Foliage,PALISADES,-11,1.5474057341333334
DFMC,Foliage,PALISADES,-12,0.7708822743999999
DFMC,Foliage,PALISADES,-13,0.5010360437666667
DFMC,Foliage,PALISADES,-14,0.4130231539666666
DFMC,Foliage,PALISADES,-15,0.3322892130333332
DFMC,Foliage,PALISADES,-16,0.8028004649666665
DFMC,Foliage,PALISADES,-17,1.4505801170333334
DFMC,Foliage,PALISADES,-18,1.5700505439333332
DFMC,Foliage,PALISADES,-19,1.070330950066667
DFMC,Foliage,PALISADES,-20,0.0642710384333333
DFMC,Foliage,PALISADES,-21,0.1903559500999999
DFMC,Foliage,PALISADES,-22,0.7365412337
DFMC,Foliage,PALISADES,-23,1.1597861115333332
DFMC,Foliage,PALISADES,-24,0.9423639101666668
DFMC,Foliage,PALISADES,-25,0.4680468078333333
DFMC,Foliage,PALISADES,-26,0.3266220314333333
DFMC,Foliage,PALISADES,-27,-0.4429084381666666
DFMC,Foliage,PALISADES,-28,-0.0901341834333333
DFMC,Foliage,PALISADES,-29,-0.2969551157333333
DFMC,Foliage,PALISADES,-30,0.2886222791333333
DFMC,Foliage,EATON,0,-2.337520104
DFMC,Foliage,EATON,-1,-1.4180991710500002
DFMC,Foliage,EATON,-2,-1.1388398128666666
DFMC,Foliage,EATON,-3,0.1855296063
DFMC,Foliage,EATON,-4,0.4851188873666667
DFMC,Foliage,EATON,-5,0.7733062974666668
DFMC,Foliage,EATON,-6,0.4100212947333333
DFMC,Foliage,EATON,-7,0.3291294578666666
DFMC,Foliage,EATON,-8,0.1314424074666667
DFMC,Foliage,EATON,-9,0.7732971941666666
DFMC,Foliage,EATON,-10,1.2835548174666669
DFMC,Foliage,EATON,-11,1.6305176208666667
DFMC,Foliage,EATON,-12,0.9150945942666668
DFMC,Foliage,EATON,-13,0.455150856
DFMC,Foliage,EATON,-14,0.6302435400333334
DFMC,Foliage,EATON,-15,0.8761507186999999
DFMC,Foliage,EATON,-16,1.5150196262000002
DFMC,Foliage,EATON,-17,1.9929560176
DFMC,Foliage,EATON,-18,1.8967114817666664
DFMC,Foliage,EATON,-19,1.1937007913666666
DFMC,Foliage,EATON,-20,0.4546319684333333
DFMC,Foliage,EATON,-21,0.5240309014000001
DFMC,Foliage,EATON,-22,1.0535055703666667
DFMC,Foliage,EATON,-23,1.3124896253999998
DFMC,Foliage,EATON,-24,1.1404101304
DFMC,Foliage,EATON,-25,0.8100926932
DFMC,Foliage,EATON,-26,0.9218264773666668
DFMC,Foliage,EATON,-27,0.6702342939666668
DFMC,Foliage,EATON,-28,0.9202197466333332
DFMC,Foliage,EATON,-29,0.2335226074666666
DFMC,Foliage,EATON,-30,0.1645064678666666
SPEI3,SPEI3,PALISADES,0,-1.459
SPEI3,SPEI3,PALISADES,-1,-1.346
SPEI3,SPEI3,PALISADES,-2,-1.257
SPEI3,SPEI3,PALISADES,-3,-1.2423333333333335
SPEI3,SPEI3,PALISADES,-4,-1.286
SPEI3,SPEI3,PALISADES,-5,-1.0546666666666666
SPEI3,SPEI3,PALISADES,-6,-0.409
SPEI3,SPEI3,PALISADES,-7,0.304
SPEI3,SPEI3,PALISADES,-8,0.935
SPEI3,SPEI3,PALISADES,-9,1.146
SPEI3,SPEI3,PALISADES,-10,1.4913333333333334
SPEI3,SPEI3,PALISADES,-11,0.9753333333333334
SPEI3,SPEI3,PALISADES,-12,0.543
SPEI3,SPEI3,PALISADES,-13,-0.0339999999999999
SPEI3,SPEI3,PALISADES,-14,0.711
SPEI3,SPEI3,PALISADES,-15,2.166
SPEI3,SPEI3,PALISADES,-16,3.332666666666667
SPEI3,SPEI3,PALISADES,-17,3.0686666666666667
SPEI3,SPEI3,PALISADES,-18,2.0013333333333336
SPEI3,SPEI3,PALISADES,-19,1.3610000000000004
SPEI3,SPEI3,PALISADES,-20,1.2946666666666669
SPEI3,SPEI3,PALISADES,-21,1.5270000000000004
SPEI3,SPEI3,PALISADES,-22,1.2990000000000004
SPEI3,SPEI3,PALISADES,-23,1.3990000000000002
SPEI3,SPEI3,PALISADES,-24,0.9856666666666668
SPEI3,SPEI3,PALISADES,-25,0.8993333333333337
SPEI3,SPEI3,PALISADES,-26,0.3380000000000003
SPEI3,SPEI3,PALISADES,-27,0.0393333333333336
SPEI3,SPEI3,PALISADES,-28,-0.7483333333333331
SPEI3,SPEI3,PALISADES,-29,-1.2866666666666662
SPEI3,SPEI3,EATON,0,-1.644
SPEI3,SPEI3,EATON,-1,-1.474
SPEI3,SPEI3,EATON,-2,-1.5056666666666665
SPEI3,SPEI3,EATON,-3,-1.4496666666666669
SPEI3,SPEI3,EATON,-4,-1.4786666666666666
SPEI3,SPEI3,EATON,-5,-1.3363333333333334
SPEI3,SPEI3,EATON,-6,-0.769
SPEI3,SPEI3,EATON,-7,0.0126666666666666
SPEI3,SPEI3,EATON,-8,0.8969999999999999
SPEI3,SPEI3,EATON,-9,1.2096666666666664
SPEI3,SPEI3,EATON,-10,1.3756666666666666
SPEI3,SPEI3,EATON,-11,0.7766666666666667
SPEI3,SPEI3,EATON,-12,0.2343333333333333
SPEI3,SPEI3,EATON,-13,-0.0863333333333333
SPEI3,SPEI3,EATON,-14,0.871
SPEI3,SPEI3,EATON,-15,2.318
SPEI3,SPEI3,EATON,-16,4.021333333333334
SPEI3,SPEI3,EATON,-17,3.4696666666666665
SPEI3,SPEI3,EATON,-18,2.467333333333333
SPEI3,SPEI3,EATON,-19,1.0673333333333332
SPEI3,SPEI3,EATON,-20,1.1413333333333333
SPEI3,SPEI3,EATON,-21,1.4396666666666669
SPEI3,SPEI3,EATON,-22,1.3403333333333334
SPEI3,SPEI3,EATON,-23,1.5086666666666666
SPEI3,SPEI3,EATON,-24,1.1663333333333334
SPEI3,SPEI3,EATON,-25,1.2293333333333334
SPEI3,SPEI3,EATON,-26,0.81
SPEI3,SPEI3,EATON,-27,0.5646666666666667
SPEI3,SPEI3,EATON,-28,-0.2456666666666666
SPEI3,SPEI3,EATON,-29,-0.937
SM1,SM1,PALISADES,0,-2.4872761676
SM1,SM1,PALISADES,-1,-2.0984758287
SM1,SM1,PALISADES,-2,-1.620593019466667
SM1,SM1,PALISADES,-3,-1.0221383229333334
SM1,SM1,PALISADES,-4,-0.490301591
SM1,SM1,PALISADES,-5,-0.2690968051666667
SM1,SM1,PALISADES,-6,-0.0314198161333333
SM1,SM1,PALISADES,-7,0.0540500381666666
SM1,SM1,PALISADES,-8,0.1527374269333333
SM1,SM1,PALISADES,-9,0.8756252013
SM1,SM1,PALISADES,-10,1.3801121101333331
SM1,SM1,PALISADES,-11,2.0746491347666667
SM1,SM1,PALISADES,-12,1.7578724271333332
SM1,SM1,PALISADES,-13,1.2459282834666667
SM1,SM1,PALISADES,-14,0.4769117115333335
SM1,SM1,PALISADES,-15,-0.0741149713999998
SM1,SM1,PALISADES,-16,0.2256526121000001
SM1,SM1,PALISADES,-17,0.6696862037666668
SM1,SM1,PALISADES,-18,0.8269974014333336
SM1,SM1,PALISADES,-19,0.6804113646666669
SM1,SM1,PALISADES,-20,0.4784429304333334
SM1,SM1,PALISADES,-21,0.8425349645666668
SM1,SM1,PALISADES,-22,1.5068453306000005
SM1,SM1,PALISADES,-23,1.3623406909
SM1,SM1,PALISADES,-24,1.8185312325333332
SM1,SM1,PALISADES,-25,1.3511117524000005
SM1,SM1,PALISADES,-26,1.4795220221333334
SM1,SM1,PALISADES,-27,0.4300869053666669
SM1,SM1,PALISADES,-28,0.2157162609666668
SM1,SM1,PALISADES,-29,-0.0390228813666665
SM1,SM1,PALISADES,-30,0.1610696440333335
SM1,SM1,EATON,0,-2.600837699
SM1,SM1,EATON,-1,-2.2644077969
SM1,SM1,EATON,-2,-1.6775584201666665
SM1,SM1,EATON,-3,-1.0149343802666666
SM1,SM1,EATON,-4,-0.3906927895333333
SM1,SM1,EATON,-5,-0.2335688058999999
SM1,SM1,EATON,-6,-0.0409497255333333
SM1,SM1,EATON,-7,-0.0163305451666666
SM1,SM1,EATON,-8,0.0600342581333333
SM1,SM1,EATON,-9,0.7544925253
SM1,SM1,EATON,-10,1.4650012711333336
SM1,SM1,EATON,-11,2.1807112522666667
SM1,SM1,EATON,-12,1.7776688630333333
SM1,SM1,EATON,-13,0.9433173712333334
SM1,SM1,EATON,-14,0.2502661048666666
SM1,SM1,EATON,-15,-0.0517189499333333
SM1,SM1,EATON,-16,0.5292123545666666
SM1,SM1,EATON,-17,0.8803090733666666
SM1,SM1,EATON,-18,0.8908048994666666
SM1,SM1,EATON,-19,0.5594862113
SM1,SM1,EATON,-20,0.2907823941666667
SM1,SM1,EATON,-21,0.6256485915666666
SM1,SM1,EATON,-22,1.3385845805333334
SM1,SM1,EATON,-23,1.3930841908333331
SM1,SM1,EATON,-24,1.9322322385
SM1,SM1,EATON,-25,1.4453699420333332
SM1,SM1,EATON,-26,1.6965896067
SM1,SM1,EATON,-27,0.7143696627666668
SM1,SM1,EATON,-28,0.6234280641333333
SM1,SM1,EATON,-29,0.1474150110333333
SM1,SM1,EATON,-30,0.2508195696333333
LFMC,LFMC,PALISADES,0,-1.5174917052
LFMC,LFMC,PALISADES,-1,-0.98515800185
LFMC,LFMC,PALISADES,-2,-0.5349382329333333
LFMC,LFMC,PALISADES,-3,0.1299778502666666
LFMC,LFMC,PALISADES,-4,0.5649494478666667
LFMC,LFMC,PALISADES,-5,0.7892421953
LFMC,LFMC,PALISADES,-6,1.0443344902333334
LFMC,LFMC,PALISADES,-7,1.3158362310333334
LFMC,LFMC,PALISADES,-8,1.5793940050666668
LFMC,LFMC,PALISADES,-9,1.9234708561
LFMC,LFMC,PALISADES,-10,1.9155268893333333
LFMC,LFMC,PALISADES,-11,2.017282433233333
LFMC,LFMC,PALISADES,-12,1.5940084783333333
LFMC,LFMC,PALISADES,-13,1.2816468534333332
LFMC,LFMC,PALISADES,-14,0.8419452603666667
LFMC,LFMC,PALISADES,-15,0.7980230074333333
LFMC,LFMC,PALISADES,-16,1.1865982006
LFMC,LFMC,PALISADES,-17,1.542542489
LFMC,LFMC,PALISADES,-18,1.6874925942
LFMC,LFMC,PALISADES,-19,1.6830172907999998
LFMC,LFMC,PALISADES,-20,1.7004940177
LFMC,LFMC,PALISADES,-21,1.9247443164666669
LFMC,LFMC,PALISADES,-22,1.9622810755
LFMC,LFMC,PALISADES,-23,1.7272366845
LFMC,LFMC,PALISADES,-24,1.7106210593333333
LFMC,LFMC,PALISADES,-25,1.4207572334666665
LFMC,LFMC,PALISADES,-26,1.3690365520666663
LFMC,LFMC,PALISADES,-27,0.7528939992
LFMC,LFMC,PALISADES,-28,0.5900184239333334
LFMC,LFMC,PALISADES,-29,0.3674600081999999
LFMC,LFMC,PALISADES,-30,0.4822230396666667
LFMC,LFMC,EATON,0,-1.3444049395
LFMC,LFMC,EATON,-1,-0.94436856765
LFMC,LFMC,EATON,-2,-0.4961633522333333
LFMC,LFMC,EATON,-3,0.1363911277999999
LFMC,LFMC,EATON,-4,0.6447563172666667
LFMC,LFMC,EATON,-5,0.8692547983000001
LFMC,LFMC,EATON,-6,1.1031840033666669
LFMC,LFMC,EATON,-7,1.2728284897666666
LFMC,LFMC,EATON,-8,1.444107549866667
LFMC,LFMC,EATON,-9,1.6907621665333334
LFMC,LFMC,EATON,-10,1.7782373995
LFMC,LFMC,EATON,-11,2.0021612257
LFMC,LFMC,EATON,-12,1.6263369767333336
LFMC,LFMC,EATON,-13,1.2099676380666666
LFMC,LFMC,EATON,-14,0.7869897690333333
LFMC,LFMC,EATON,-15,0.8887228264333333
LFMC,LFMC,EATON,-16,1.4767926387333332
LFMC,LFMC,EATON,-17,1.7911288225
LFMC,LFMC,EATON,-18,1.8352942375666668
LFMC,LFMC,EATON,-19,1.6292421761
LFMC,LFMC,EATON,-20,1.5182380210000002
LFMC,LFMC,EATON,-21,1.6279970906333334
LFMC,LFMC,EATON,-22,1.7216658254666666
LFMC,LFMC,EATON,-23,1.7171962880333334
LFMC,LFMC,EATON,-24,1.8962331881333332
LFMC,LFMC,EATON,-25,1.6489400661
LFMC,LFMC,EATON,-26,1.627198958933333
LFMC,LFMC,EATON,-27,1.0175923612
LFMC,LFMC,EATON,-28,0.9392541398333334
LFMC,LFMC,EATON,-29,0.6096576782
LFMC,LFMC,EATON,-30,0.6802380595666667
VPD,VPD,PALISADES,0,2.0933891225
VPD,VPD,PALISADES,-1,1.21680591775
VPD,VPD,PALISADES,-2,0.7411792879666668
VPD,VPD,PALISADES,-3,-0.241915456
VPD,VPD,PALISADES,-4,-0.4174870949
VPD,VPD,PALISADES,-5,-0.351043496
VPD,VPD,PALISADES,-6,-0.0885286396
VPD,VPD,PALISADES,-7,-0.2151351267666666
VPD,VPD,PALISADES,-8,-0.6030890231333333
VPD,VPD,PALISADES,-9,-1.0692153158333333
VPD,VPD,PALISADES,-10,-1.334444237466667
VPD,VPD,PALISADES,-11,-1.7031723963333334
VPD,VPD,PALISADES,-12,-1.7042966047333337
VPD,VPD,PALISADES,-13,-1.2204956273
VPD,VPD,PALISADES,-14,-0.2478968211333333
VPD,VPD,PALISADES,-15,0.2607187838333333
VPD,VPD,PALISADES,-16,-0.3068878275
VPD,VPD,PALISADES,-17,-0.8253363755666667
VPD,VPD,PALISADES,-18,-0.7508658843666666
VPD,VPD,PALISADES,-19,-0.5941751813666666
VPD,VPD,PALISADES,-20,-0.7655271584
VPD,VPD,PALISADES,-21,-1.2494866780333334
VPD,VPD,PALISADES,-22,-1.335478642266667
VPD,VPD,PALISADES,-23,-0.9625563213
VPD,VPD,PALISADES,-24,-1.1290666631333333
VPD,VPD,PALISADES,-25,-1.1464608500666666
VPD,VPD,PALISADES,-26,-1.1689738438666666
VPD,VPD,PALISADES,-27,-0.9632126638666666
VPD,VPD,PALISADES,-28,-0.4538996948999999
VPD,VPD,PALISADES,-29,-0.1240210295666666
VPD,VPD,PALISADES,-30,0.2558959963333334
VPD,VPD,EATON,0,2.2640767152
VPD,VPD,EATON,-1,1.8438193177
VPD,VPD,EATON,-2,1.3124492357333333
VPD,VPD,EATON,-3,0.6793937207999999
VPD,VPD,EATON,-4,0.3247515300333333
VPD,VPD,EATON,-5,0.3921975611
VPD,VPD,EATON,-6,0.5071596710333334
VPD,VPD,EATON,-7,0.2174541297999999
VPD,VPD,EATON,-8,-0.2228006488999999
VPD,VPD,EATON,-9,-0.940035673
VPD,VPD,EATON,-10,-1.2563346841
VPD,VPD,EATON,-11,-1.6624183434333333
VPD,VPD,EATON,-12,-1.5864515109333333
VPD,VPD,EATON,-13,-1.027246071266667
VPD,VPD,EATON,-14,-0.1751462979999999
VPD,VPD,EATON,-15,0.2112233524666666
VPD,VPD,EATON,-16,-0.5563546456333333
VPD,VPD,EATON,-17,-1.0320872999
VPD,VPD,EATON,-18,-0.7580440552
VPD,VPD,EATON,-19,-0.6233918353
VPD,VPD,EATON,-20,-0.7275004432
VPD,VPD,EATON,-21,-1.2629367475333333
VPD,VPD,EATON,-22,-1.2111530129666666
VPD,VPD,EATON,-23,-0.9513432535999998
VPD,VPD,EATON,-24,-1.2658865511333337
VPD,VPD,EATON,-25,-1.1904856097666667
VPD,VPD,EATON,-26,-1.3067877636
VPD,VPD,EATON,-27,-0.9883276116333334
VPD,VPD,EATON,-28,-0.6761076258666666
VPD,VPD,EATON,-29,-0.2324933485666666
VPD,VPD,EATON,-30,0.0856177091666666
DFMC,Wood,PALISADES,0,-0.7624958855
DFMC,Wood,PALISADES,-1,-0.6520560344999999
DFMC,Wood,PALISADES,-2,-0.9124526297666667
DFMC,Wood,PALISADES,-3,-0.9968572406333336
DFMC,Wood,PALISADES,-4,-0.9024986672333336
DFMC,Wood,PALISADES,-5,-0.3901688144666667
DFMC,Wood,PALISADES,-6,-0.0620046857
DFMC,Wood,PALISADES,-7,-0.0159445374
DFMC,Wood,PALISADES,-8,-0.2348287675999999
DFMC,Wood,PALISADES,-9,0.3000460694
DFMC,Wood,PALISADES,-10,0.5155835429333333
DFMC,Wood,PALISADES,-11,0.7928179066000002
DFMC,Wood,PALISADES,-12,0.2884907381
DFMC,Wood,PALISADES,-13,0.2053391462999999
DFMC,Wood,PALISADES,-14,0.2019492358666666
DFMC,Wood,PALISADES,-15,0.2451341994
DFMC,Wood,PALISADES,-16,0.7832460889
DFMC,Wood,PALISADES,-17,1.0842935336666668
DFMC,Wood,PALISADES,-18,1.0598960569666669
DFMC,Wood,PALISADES,-19,0.4575526433333333
DFMC,Wood,PALISADES,-20,0.1087188995333333
DFMC,Wood,PALISADES,-21,0.4146245227333334
DFMC,Wood,PALISADES,-22,0.6415769478000001
DFMC,Wood,PALISADES,-23,0.6902419199333334
DFMC,Wood,PALISADES,-24,0.3613374181
DFMC,Wood,PALISADES,-25,0.2134135802666666
DFMC,Wood,PALISADES,-26,0.1800499984
DFMC,Wood,PALISADES,-27,-0.1714140455333333
DFMC,Wood,PALISADES,-28,0.0163412400999999
DFMC,Wood,PALISADES,-29,-0.0450124996
DFMC,Wood,PALISADES,-30,0.2468665891666666
DFMC,Wood,EATON,0,-0.6355962747
DFMC,Wood,EATON,-1,-0.40360575095
DFMC,Wood,EATON,-2,-0.2625935096333333
DFMC,Wood,EATON,-3,0.3036447968666667
DFMC,Wood,EATON,-4,0.4277180909
DFMC,Wood,EATON,-5,0.5256562938666667
DFMC,Wood,EATON,-6,0.2846849191666666
DFMC,Wood,EATON,-7,0.1962906056666666
DFMC,Wood,EATON,-8,0.1975373012666666
DFMC,Wood,EATON,-9,0.6279026289666666
DFMC,Wood,EATON,-10,0.8403156167333332
DFMC,Wood,EATON,-11,0.7837568745999999
DFMC,Wood,EATON,-12,0.2591479142666666
DFMC,Wood,EATON,-13,0.2244689302
DFMC,Wood,EATON,-14,0.4379683957
DFMC,Wood,EATON,-15,0.7172118231333333
DFMC,Wood,EATON,-16,1.2263360868
DFMC,Wood,EATON,-17,1.3602778025666666
DFMC,Wood,EATON,-18,1.145869828733333
DFMC,Wood,EATON,-19,0.5131602074
DFMC,Wood,EATON,-20,0.3842526111
DFMC,Wood,EATON,-21,0.6316099438666667
DFMC,Wood,EATON,-22,0.7994964633666667
DFMC,Wood,EATON,-23,0.5973214909333332
DFMC,Wood,EATON,-24,0.2885196801666667
DFMC,Wood,EATON,-25,0.2547419218333333
DFMC,Wood,EATON,-26,0.4921602823666666
DFMC,Wood,EATON,-27,0.5882409589666666
DFMC,Wood,EATON,-28,0.7581538708666665
DFMC,Wood,EATON,-29,0.3810232188666666
DFMC,Wood,EATON,-30,0.1622547689999999
